{
    "$schema": "https://schema.management.azure.com/schemas/2019-04-01/deploymentTemplate.json#",
    "contentVersion": "[variables('parserVersion1')]",
    "parameters": {
        "location": {
            "type": "string",
            "minLength": 1,
            "defaultValue": "[resourceGroup().location]",
            "metadata": {
                "description": "Not used, but needed to pass arm-ttk test `Location-Should-Not-Be-Hardcoded`.  We instead use the `workspace-location` which is derived from the LA workspace"
            }
        },
        "workspace-location": {
            "type": "string",
            "defaultValue": "",
            "metadata": {
                "description": "[concat('Region to deploy solution resources -- separate from location selection',parameters('location'))]"
            }
        },
        "workspace": {
            "defaultValue": "",
            "type": "string",
            "metadata": {
                "description": "Workspace name for Log Analytics where Microsoft Sentinel is setup"
            }
        }
    },
    "variables": {
        "parserContentId1": "Cisco_Umbrella-Parser",
        "_parserContentId1": "[variables('parserContentId1')]",
        "parserName1": "Cisco_Umbrella",
        "_parserName1": "[concat(parameters('workspace'),'/',variables('parserName1'))]",
        "parserId1": "[resourceId('Microsoft.OperationalInsights/workspaces/savedSearches', parameters('workspace'), variables('parserName1'))]",
        "_parserId1": "[variables('parserId1')]",
        "parserVersion1": "2.0.0",
        "email": "support@microsoft.com",
        "_email": "[variables('email')]"
    },
    "resources": [
        {
            "name": "[variables('_parserName1')]",
            "apiVersion": "2020-08-01",
            "type": "Microsoft.OperationalInsights/workspaces/savedSearches",
            "location": "[parameters('workspace-location')]",
            "properties": {
                "eTag": "*",
                "displayName": "Cisco_Umbrella",
                "category": "Samples",
                "functionAlias": "Cisco_Umbrella",
                "query": "\n\r\n\r\nlet Cisco_Umbrella_dns_view = view () { \r\n    Cisco_Umbrella_dns_CL\r\n    | extend \r\n        EventEndTime=column_ifexists('Timestamp_t', ''),\r\n        SrcIpAddr=column_ifexists('InternalIp_s', ''),\r\n        SrcNatIpAddr=column_ifexists('ExternalIp_s', ''),\r\n        DvcAction=column_ifexists('Action_s', ''),\r\n        DnsQueryName=column_ifexists('Domain_s', ''),\r\n        UrlCategory=column_ifexists('Categories_s', ''),\r\n        ThreatCategory=column_ifexists('Blocked_Categories_s', ''),\r\n        Identities=column_ifexists('Identities_s', ''),\r\n        DnsQueryTypeName=column_ifexists('QueryType_s', ''),\r\n        DnsResponseCodeName=column_ifexists('ResponseCode_s', ''),\r\n        IdentityTypes=column_ifexists('Identity_Types_s', ''),\r\n        EventType=column_ifexists('EventType_s', ''),\r\n        PolicyIdentity=column_ifexists('Policy_Identity_s', ''),\r\n        PolicyIdentityType=column_ifexists('Policy_Identity_Type_s', '')\r\n    | project \r\n        TimeGenerated,\r\n        EventEndTime,\r\n        SrcIpAddr,\r\n        SrcNatIpAddr,\r\n        DvcAction,\r\n        DnsQueryName,\r\n        UrlCategory,\r\n        ThreatCategory,\r\n        Identities,\r\n        DnsQueryTypeName,\r\n        DnsResponseCodeName,\r\n        IdentityTypes,\r\n        EventType,\r\n        PolicyIdentity,\r\n        PolicyIdentityType\r\n};\r\nlet Cisco_Umbrella_proxy_view = view () { \r\n    Cisco_Umbrella_proxy_CL\r\n    | extend \r\n        EventType=column_ifexists('EventType_s', ''),\r\n        EventEndTime=column_ifexists('Timestamp_t', ''),\r\n        Identities=column_ifexists('Identities_s', ''),\r\n        SrcIpAddr=column_ifexists('Internal_IP_s', ''),\r\n        SrcNatIpAddr=column_ifexists('External_IP_s', ''),\r\n        DstIpAddr=column_ifexists('Destination_IP_s', ''),\r\n        HttpContentType=column_ifexists('Content_Type_s', ''),\r\n        DvcAction=column_ifexists('Verdict_s', ''),\r\n        UrlOriginal=column_ifexists('URL_s', ''),\r\n        HttpReferrerOriginal=column_ifexists('Referer_s', ''),\r\n        HttpUserAgentOriginal=column_ifexists('userAgent_s', ''),\r\n        HttpStatusCode=column_ifexists('statusCode_s', ''),\r\n        SrcBytes=column_ifexists('requestSize_d', ''),\r\n        DstBytes=column_ifexists('responseSize_d', ''),\r\n        HttpResponseBodyBytes=column_ifexists('responseBodySize_d', ''),\r\n        HashSha256=column_ifexists('SHA-SHA256_s', ''),\r\n        UrlCategory=column_ifexists('Categories_s', ''),\r\n        AvDetections=column_ifexists('AVDetections_s', ''),\r\n        Puas=column_ifexists('PUAs_s', ''),\r\n        AmpDisposition=column_ifexists('AMP_Disposition_s', ''), \r\n        ThreatName=column_ifexists('AMP_Malware_Name_s', ''),\r\n        AmpScore=column_ifexists('AMP_Score_s', ''),\r\n        IdentityType=column_ifexists('Identity_Type_s', ''),\r\n        ThreatCategory=column_ifexists('Blocked_Categories_s', '')\r\n    | project\r\n        TimeGenerated,\r\n        EventType,\r\n        EventEndTime,\r\n        Identities,\r\n        SrcIpAddr,\r\n        SrcNatIpAddr,\r\n        DstIpAddr,\r\n        HttpContentType,\r\n        DvcAction,\r\n        UrlOriginal,\r\n        HttpReferrerOriginal,\r\n        HttpUserAgentOriginal,\r\n        HttpStatusCode,\r\n        SrcBytes,\r\n        DstBytes,\r\n        HttpResponseBodyBytes,\r\n        HashSha256,\r\n        UrlCategory,\r\n        AvDetections,\r\n        Puas,\r\n        AmpDisposition,\r\n        ThreatName,\r\n        AmpScore,\r\n        IdentityType,\r\n        ThreatCategory\r\n};\r\nlet Cisco_Umbrella_ip_view = view () { \r\n    Cisco_Umbrella_ip_CL\r\n    | extend \r\n        EventType=column_ifexists('EventType_s', ''),\r\n        EventEndTime=column_ifexists('Timestamp_t', ''),\r\n        Identities=column_ifexists('Identity_s', ''),\r\n        SrcIpAddr=column_ifexists('Source_IP_s', ''),\r\n        SrcPortNumber=column_ifexists('Source_Port_s', ''),\r\n        DstIpAddr=column_ifexists('Destination_IP_s', ''),\r\n        DstPortNumber=column_ifexists('Destination_Port_s', ''),\r\n        UrlCategory=column_ifexists('Categories_s', '')\r\n    | project\r\n        TimeGenerated,\r\n        EventType,\r\n        EventEndTime,\r\n        Identities,\r\n        SrcIpAddr,\r\n        SrcPortNumber,\r\n        DstIpAddr,\r\n        DstPortNumber,\r\n        UrlCategory\r\n};\r\nlet Cisco_Umbrella_cloudfirewall_view = view () { \r\n    Cisco_Umbrella_cloudfirewall_CL\r\n    | extend \r\n        EventType=column_ifexists('EventType_s', ''),\r\n        EventEndTime=column_ifexists('Timestamp_t', ''),\r\n        NetworkSessionId=column_ifexists('originId_s', ''),\r\n        NetworkRuleName=column_ifexists('Identity_s', ''),\r\n        IdentityType=column_ifexists('Identity_Type_s', ''),\r\n        NetworkDirection=column_ifexists('Direction_s', ''),\r\n        NetworkProtocol=column_ifexists('ipProtocol_s', ''),\r\n        NetworkPackets=column_ifexists('packetSize_s', ''),\r\n        SrcIpAddr=column_ifexists('SourceIP', ''),\r\n        SrcPortNumber=column_ifexists('sourcePort_s', ''),\r\n        DstIpAddr=column_ifexists('destinationIp_s', ''),\r\n        DstPortNumber=column_ifexists('destinationPort_s', ''),\r\n        DvcHostname=column_ifexists('dataCenter_s', ''),\r\n        NetworkRuleNumber=column_ifexists('ruleId_s', ''),\r\n        DvcAction=column_ifexists('verdict_s', '')\r\n    | project\r\n        TimeGenerated,\r\n        EventType,\r\n        EventEndTime,\r\n        NetworkSessionId,\r\n        NetworkRuleName,\r\n        IdentityType,\r\n        NetworkDirection,\r\n        NetworkProtocol,\r\n        NetworkPackets,\r\n        SrcIpAddr,\r\n        SrcPortNumber,\r\n        DstIpAddr,\r\n        DstPortNumber,\r\n        DvcHostname,\r\n        NetworkRuleNumber,\r\n        DvcAction\r\n};\r\nunion isfuzzy=true Cisco_Umbrella_dns_view, Cisco_Umbrella_proxy_view, Cisco_Umbrella_ip_view, Cisco_Umbrella_cloudfirewall_view",
                "version": 1,
                "tags": [
                    {
                        "name": "description",
                        "value": "Cisco_Umbrella"
                    }
                ]
            }
        },
        {
            "type": "Microsoft.OperationalInsights/workspaces/providers/metadata",
            "apiVersion": "2022-01-01-preview",
            "name": "[concat(parameters('workspace'),'/Microsoft.SecurityInsights/',concat('Parser-', last(split(variables('_parserId1'),'/'))))]",
            "dependsOn": [
                "[variables('_parserName1')]"
            ],
            "properties": {
                "parentId": "[resourceId('Microsoft.OperationalInsights/workspaces/savedSearches', parameters('workspace'), variables('parserName1'))]",
                "contentId": "[variables('_parserContentId1')]",
                "kind": "Parser",
                "version": "[variables('parserVersion1')]",
                "source": {
                    "kind": "Community"
                },
                "author": {
                    "name": "Microsoft",
                    "email": "[variables('_email')]"
                },
                "support": {
                    "tier": "Microsoft",
                    "name": "Microsoft Corporation",
                    "email": "support@microsoft.com",
                    "link": "https://support.microsoft.com/"
                }
            }
        }
    ]
}