{
  "$schema": "https://schema.management.azure.com/schemas/2019-04-01/deploymentTemplate.json#",
  "contentVersion": "[variables('analyticRuleVersion1')]",
  "parameters": {
    "workspace": {
      "defaultValue": "",
      "type": "string",
      "metadata": {
        "description": "Workspace name for Log Analytics where Microsoft Sentinel is setup"
      }
    },
    "location": {
      "type": "string",
      "minLength": 1,
      "defaultValue": "[resourceGroup().location]",
      "metadata": {
        "description": "Not used, but needed to pass arm-ttk test `Location-Should-Not-Be-Hardcoded`.  We instead use the `workspace-location` which is derived from the LA workspace"
      }
    },
    "workspace-location": {
      "type": "string",
      "defaultValue": "",
      "metadata": {
        "description": "[concat('Region to deploy solution resources -- separate from location selection',parameters('location'))]"
      }
    }
  },
  "variables": {
    "analyticRuleVersion1": "2.0.0",
    "analyticRulecontentId1": "c9b6d281-b96b-4763-b728-9a04b9fe1246",
    "_analyticRulecontentId1": "[variables('analyticRulecontentId1')]",
    "analyticRuleId1": "[resourceId('Microsoft.SecurityInsights/AlertRuleTemplates', variables('analyticRulecontentId1'))]",
    "email": "support@microsoft.com",
    "_email": "[variables('email')]"
  },
  "resources": [
    {
      "type": "Microsoft.SecurityInsights/AlertRuleTemplates",
      "name": "[variables('AnalyticRulecontentId1')]",
      "apiVersion": "2022-04-01-preview",
      "kind": "Scheduled",
      "location": "[parameters('workspace-location')]",
      "properties": {
        "description": "IP addresses of broadband links that usually indicates users attempting to access their home network, for example for a remote session to a home computer.",
        "displayName": "Cisco Umbrella - Connection to non-corporate private network",
        "enabled": false,
        "query": "let lbtime = 10m;\nCisco_Umbrella\n| where TimeGenerated > ago(lbtime)\n| where EventType == 'proxylogs'\n| where DvcAction =~ 'Allowed'\n| where UrlCategory contains 'Adult Themes' or\n      UrlCategory contains 'Adware' or\n      UrlCategory contains 'Alcohol' or\n      UrlCategory contains 'Illegal Downloads' or\n      UrlCategory contains 'Drugs' or\n      UrlCategory contains 'Child Abuse Content' or\n      UrlCategory contains 'Hate/Discrimination' or\n      UrlCategory contains 'Nudity' or\n      UrlCategory contains 'Pornography' or\n      UrlCategory contains 'Proxy/Anonymizer' or\n      UrlCategory contains 'Sexuality' or\n      UrlCategory contains 'Tasteless' or\n      UrlCategory contains 'Terrorism' or\n      UrlCategory contains 'Web Spam' or\n      UrlCategory contains 'German Youth Protection' or\n      UrlCategory contains 'Illegal Activities' or\n      UrlCategory contains 'Lingerie/Bikini' or\n      UrlCategory contains 'Weapons'\n| project TimeGenerated, SrcIpAddr, Identities\n| extend IPCustomEntity = SrcIpAddr\n| extend AccountCustomEntity = Identities\n",
        "queryFrequency": "PT10M",
        "queryPeriod": "PT10M",
        "severity": "Medium",
        "suppressionDuration": "PT1H",
        "suppressionEnabled": false,
        "triggerOperator": "GreaterThan",
        "triggerThreshold": 0,
        "status": "Available",
        "requiredDataConnectors": [
          {
            "connectorId": "CiscoUmbrellaDataConnector",
            "dataTypes": [
              "Cisco_Umbrella_proxy_CL"
            ]
          }
        ],
        "tactics": [
          "CommandAndControl",
          "Exfiltration"
        ],
        "entityMappings": [
          {
            "entityType": "Account",
            "fieldMappings": [
              {
                "columnName": "AccountCustomEntity",
                "identifier": "FullName"
              }
            ]
          },
          {
            "entityType": "IP",
            "fieldMappings": [
              {
                "columnName": "IPCustomEntity",
                "identifier": "Address"
              }
            ]
          }
        ]
      }
    },
    {
      "type": "Microsoft.OperationalInsights/workspaces/providers/metadata",
      "apiVersion": "2022-01-01-preview",
      "name": "[concat(parameters('workspace'),'/Microsoft.SecurityInsights/',concat('AnalyticsRule-', last(split(variables('analyticRuleId1'),'/'))))]",
      "properties": {
        "description": "CiscoUmbrella Analytics Rule 1",
        "parentId": "[variables('analyticRuleId1')]",
        "contentId": "[variables('_analyticRulecontentId1')]",
        "kind": "AnalyticsRuleTemplate",
        "version": "[variables('analyticRuleVersion1')]",
        "source": {
          "kind": "Community"
        },
        "author": {
          "name": "Microsoft",
          "email": "[variables('_email')]"
        },
        "support": {
          "tier": "Microsoft",
          "name": "Microsoft Corporation",
          "email": "support@microsoft.com",
          "link": "https://support.microsoft.com/"
        }
      }
    }
  ]
}