{
  "$schema": "https://schema.management.azure.com/schemas/2019-04-01/deploymentTemplate.json#",
  "contentVersion": "1.0.0.0",
  "parameters": {
    "workspace": {
      "type": "String"
    },
    "formattedTimeNow": {
      "type": "string",
      "defaultValue": "[utcNow('g')]",
      "metadata": {
        "description": "Appended to workbook displayNames to make them unique"
      }
    },
    "workbook-id": {
      "type": "string",
      "defaultValue": "f4fdaf9c-9a53-480c-9f0a-d7abfb135e6a",
      "minLength": 1,
      "metadata": {
        "description": "Unique id for the workbook"
      }
    },
    "workbook-name": {
      "type": "string",
      "defaultValue": "AzurePurview",
      "minLength": 1,
      "metadata": {
        "description": "Name for the workbook"
      }
    }
  },
  "resources": [
    {
      "type": "Microsoft.Insights/workbooks",
      "name": "[parameters('workbook-id')]",
      "location": "[resourceGroup().location]",
      "kind": "shared",
      "apiVersion": "2020-02-12",
      "properties": {
        "displayName": "[concat(parameters('workbook-name'), ' - ', parameters('formattedTimeNow'))]",
        "serializedData": "{\"version\":\"Notebook/1.0\",\"items\":[{\"type\":9,\"content\":{\"version\":\"KqlParameterItem/1.0\",\"parameters\":[{\"id\":\"96f40e28-0b8a-4121-8dda-d32d8a37feb8\",\"version\":\"KqlParameterItem/1.0\",\"name\":\"Time\",\"type\":4,\"isRequired\":true,\"value\":{\"durationMs\":2592000000},\"typeSettings\":{\"selectableValues\":[{\"durationMs\":86400000},{\"durationMs\":604800000},{\"durationMs\":2592000000}]},\"timeContext\":{\"durationMs\":86400000}},{\"id\":\"a5b9cb0c-6219-4782-a10d-1370a8a6edb4\",\"version\":\"KqlParameterItem/1.0\",\"name\":\"PurviewAccount\",\"label\":\"Purview Account\",\"type\":2,\"isRequired\":true,\"multiSelect\":true,\"quote\":\"'\",\"delimiter\":\",\",\"query\":\"PurviewDataSensitivityLogs\\r\\n|distinct PurviewAccountName\",\"typeSettings\":{\"additionalResourceOptions\":[\"value::all\"],\"selectAllValue\":\"All\",\"showDefault\":false},\"timeContext\":{\"durationMs\":2592000000},\"defaultValue\":\"value::all\",\"queryType\":0,\"resourceType\":\"microsoft.operationalinsights/workspaces\"},{\"id\":\"ea62a59c-3799-400d-a7af-f0ad14cc46c7\",\"version\":\"KqlParameterItem/1.0\",\"name\":\"Collection\",\"label\":\"Source Collection\",\"type\":2,\"isRequired\":true,\"isGlobal\":true,\"multiSelect\":true,\"quote\":\"'\",\"delimiter\":\",\",\"query\":\"PurviewDataSensitivityLogs\\r\\n| distinct SourceCollectionName \\r\\n| extend Collection = iff(SourceCollectionName == \\\"\\\",\\\"No Collection\\\", SourceCollectionName)\\r\\n| project Collection\",\"typeSettings\":{\"additionalResourceOptions\":[\"value::all\"],\"showDefault\":false},\"defaultValue\":\"value::all\",\"queryType\":0,\"resourceType\":\"microsoft.operationalinsights/workspaces\"},{\"id\":\"817265c3-f308-44e0-a24c-33dac7ee2c91\",\"version\":\"KqlParameterItem/1.0\",\"name\":\"DataSource\",\"label\":\"Resource Type\",\"type\":2,\"isRequired\":true,\"multiSelect\":true,\"quote\":\"\",\"delimiter\":\",\",\"query\":\"PurviewDataSensitivityLogs\\r\\n| distinct SourceType \",\"value\":[\"value::all\"],\"typeSettings\":{\"additionalResourceOptions\":[\"value::all\"],\"showDefault\":false},\"timeContext\":{\"durationMs\":2592000000},\"defaultValue\":\"value::all\",\"queryType\":0,\"resourceType\":\"microsoft.operationalinsights/workspaces\"}],\"style\":\"pills\",\"queryType\":0,\"resourceType\":\"microsoft.operationalinsights/workspaces\"},\"name\":\"parameters - 0\"},{\"type\":1,\"content\":{\"json\":\"## Azure Purview\"},\"name\":\"text - 16\"},{\"type\":11,\"content\":{\"version\":\"LinkItem/1.0\",\"style\":\"tabs\",\"links\":[{\"id\":\"07aa10e3-7f8e-47d4-8193-4f09f0f2e51d\",\"cellValue\":\"Tab\",\"linkTarget\":\"parameter\",\"linkLabel\":\"Overview\",\"subTarget\":\"Resources\",\"style\":\"link\",\"linkIsContextBlade\":true},{\"id\":\"4161ebed-a013-48be-a6f9-662d5214ad42\",\"cellValue\":\"Tab\",\"linkTarget\":\"parameter\",\"linkLabel\":\"Classifications\",\"subTarget\":\"Classification\",\"preText\":\"Classifications\",\"style\":\"link\"},{\"id\":\"011fdcda-16fd-4e8f-9547-63b13486a8c3\",\"cellValue\":\"Tab\",\"linkTarget\":\"parameter\",\"linkLabel\":\"Sensitivity Labels\",\"subTarget\":\"Labels\",\"style\":\"link\"}]},\"name\":\"links - 9\"},{\"type\":1,\"content\":{\"json\":\"__Azure Purview__\\r\\n\\r\\nAzure Purview is a unified data governance service that helps you manage and govern your on-prem, multicloud, and software-as-a-service (SaaS) data. It creates a holistic, up-to-date map of your data landscape with automated data discovery, sensitive data classification, and end-to-end data lineage that empowers you to find valuable and trustworthy data.  <a href='https://azure.microsoft.com/services/purview/' target='_blank'>Learn More</a> \\r\\n\\r\\n\",\"style\":\"info\"},\"conditionalVisibility\":{\"parameterName\":\"Tab\",\"comparison\":\"isEqualTo\",\"value\":\"Resources\"},\"name\":\"text - 10 - Copy\"},{\"type\":3,\"content\":{\"version\":\"KqlItem/1.0\",\"query\":\"let NumberofSourcesByRegion = PurviewDataSensitivityLogs\\r\\n| where ActivityType == \\\"Classification\\\" \\r\\n| where \\\"{PurviewAccount:label}\\\" == \\\"All\\\" or PurviewAccountName in~ (split(\\\"{PurviewAccount:label}\\\", \\\", \\\"))\\r\\n| where \\\"{DataSource:label}\\\" == \\\"All\\\" or SourceType in~ (split(\\\"{DataSource:label}\\\", \\\", \\\"))\\r\\n| extend CollectionName = iff(SourceCollectionName == \\\"\\\",\\\"No Collection\\\",SourceCollectionName)\\r\\n| where \\\"{Collection:label}\\\" == \\\"All\\\" or CollectionName in~ (split(\\\"{Collection:label}\\\", \\\", \\\"))\\r\\n| distinct SourcePath, SourceRegion\\r\\n| summarize AssetCount = count() by SourceRegion;\\r\\n\\r\\nNumberofSourcesByRegion\",\"size\":0,\"title\":\"Number of Sources by Region\",\"timeContext\":{\"durationMs\":0},\"timeContextFromParameter\":\"Time\",\"queryType\":0,\"resourceType\":\"microsoft.operationalinsights/workspaces\",\"visualization\":\"map\",\"mapSettings\":{\"locInfo\":\"AzureLoc\",\"locInfoColumn\":\"SourceRegion\",\"sizeSettings\":\"AssetCount\",\"sizeAggregation\":\"Sum\",\"legendMetric\":\"AssetCount\",\"legendAggregation\":\"Sum\",\"itemColorSettings\":{\"nodeColorField\":\"AssetCount\",\"colorAggregation\":\"Sum\",\"type\":\"heatmap\",\"heatmapPalette\":\"greenRed\"}}},\"conditionalVisibility\":{\"parameterName\":\"Tab\",\"comparison\":\"isEqualTo\",\"value\":\"Resources\"},\"customWidth\":\"50\",\"name\":\"query - 2\"},{\"type\":3,\"content\":{\"version\":\"KqlItem/1.0\",\"query\":\"let allAssets = PurviewDataSensitivityLogs\\r\\n| where ActivityType == \\\"Classification\\\" \\r\\n| where \\\"{PurviewAccount:label}\\\" == \\\"All\\\" or PurviewAccountName in~ (split(\\\"{PurviewAccount:label}\\\", \\\", \\\"))\\r\\n| where SourceType in~ (split(\\\"{DataSource}\\\", \\\",\\\"))\\r\\n| extend CollectionName = iff(SourceCollectionName == \\\"\\\",\\\"No Collection\\\",SourceCollectionName)\\r\\n| where \\\"{Collection:label}\\\" == \\\"All\\\" or CollectionName in~ (split(\\\"{Collection:label}\\\", \\\", \\\"))\\r\\n| distinct AssetPath, SourcePath, SourceType\\r\\n| summarize AssetCount = count() by SourceType;\\r\\n\\r\\nlet classifiedAssets =  PurviewDataSensitivityLogs\\r\\n| where ActivityType == \\\"Classification\\\" \\r\\n| where \\\"{PurviewAccount:label}\\\" == \\\"All\\\" or PurviewAccountName in~ (split(\\\"{PurviewAccount:label}\\\", \\\", \\\"))\\r\\n| where SourceType in~ (split(\\\"{DataSource}\\\", \\\",\\\"))\\r\\n| extend CollectionName = iff(SourceCollectionName == \\\"\\\",\\\"No Collection\\\",SourceCollectionName)\\r\\n| where \\\"{Collection:label}\\\" == \\\"All\\\" or CollectionName in~ (split(\\\"{Collection:label}\\\", \\\", \\\"))\\r\\n| mv-expand Classification\\r\\n| where Classification != \\\"\\\"\\r\\n| distinct AssetPath, SourcePath, SourceType\\r\\n| summarize AssetClassifiedCount = count() by SourceType;\\r\\n\\r\\nlet ClassifiedAssetsByResourceType = allAssets\\r\\n| join kind= leftouter classifiedAssets on SourceType\\r\\n| extend ClassifiedPercentage = strcat(round((100.0 * AssetClassifiedCount / AssetCount),2), \\\"%\\\")\\r\\n| extend AssetCount = strcat(AssetCount, \\\" assets found in total\\\")\\r\\n| project SourceType, AssetCount, AssetClassifiedCount, ClassifiedPercentage;\\r\\n\\r\\nClassifiedAssetsByResourceType\",\"size\":0,\"title\":\"Number of Classified Assets Found Based on Resource Type\",\"timeContext\":{\"durationMs\":0},\"timeContextFromParameter\":\"Time\",\"queryType\":0,\"resourceType\":\"microsoft.operationalinsights/workspaces\",\"visualization\":\"tiles\",\"tileSettings\":{\"titleContent\":{\"columnMatch\":\"SourceType\",\"formatter\":16,\"formatOptions\":{\"showIcon\":true}},\"leftContent\":{\"columnMatch\":\"AssetClassifiedCount\",\"formatter\":12,\"formatOptions\":{\"palette\":\"auto\"},\"numberFormat\":{\"unit\":17,\"options\":{\"style\":\"decimal\",\"maximumFractionDigits\":2,\"maximumSignificantDigits\":3},\"emptyValCustomText\":\"0\"}},\"secondaryContent\":{\"columnMatch\":\"AssetCount\"},\"showBorder\":true},\"mapSettings\":{\"locInfo\":\"LatLong\",\"sizeSettings\":\"AssetClassifiedCount\",\"sizeAggregation\":\"Sum\",\"legendMetric\":\"AssetClassifiedCount\",\"legendAggregation\":\"Sum\",\"itemColorSettings\":{\"type\":\"heatmap\",\"colorAggregation\":\"Sum\",\"nodeColorField\":\"AssetClassifiedCount\",\"heatmapPalette\":\"greenRed\"}}},\"conditionalVisibility\":{\"parameterName\":\"Tab\",\"comparison\":\"isEqualTo\",\"value\":\"Resources\"},\"customWidth\":\"50\",\"name\":\"query - 25\"},{\"type\":1,\"content\":{\"json\":\"To use the Asset Drilldown view, select the row of the data source in the Sources table below to get a list of all assets scanned by Purview in that data source. To view the data source within the Azure portal, click on the data source hyperlink in the Sources table. Within the Assets Drilldown, click on the Asset Path hyperlink to view the Details pane.\",\"style\":\"warning\"},\"conditionalVisibility\":{\"parameterName\":\"Tab\",\"comparison\":\"isEqualTo\",\"value\":\"Resources\"},\"name\":\"text - 22\"},{\"type\":3,\"content\":{\"version\":\"KqlItem/1.0\",\"query\":\"let allAssets = PurviewDataSensitivityLogs\\r\\n| where ActivityType == \\\"Classification\\\" \\r\\n| where \\\"{PurviewAccount:label}\\\" == \\\"All\\\" or PurviewAccountName in~ (split(\\\"{PurviewAccount:label}\\\", \\\", \\\"))\\r\\n| where SourceType in~ (split(\\\"{DataSource}\\\", \\\",\\\"))\\r\\n| extend CollectionName = iff(SourceCollectionName == \\\"\\\",\\\"No Collection\\\",SourceCollectionName)\\r\\n| where \\\"{Collection:label}\\\" == \\\"All\\\" or CollectionName in~ (split(\\\"{Collection:label}\\\", \\\", \\\"))\\r\\n| distinct AssetPath, SourcePath\\r\\n| summarize AssetCount = count() by DataSource = SourcePath;\\r\\n\\r\\nlet classifiedAssets = PurviewDataSensitivityLogs\\r\\n| where ActivityType == \\\"Classification\\\" \\r\\n| where \\\"{PurviewAccount:label}\\\" == \\\"All\\\" or PurviewAccountName in~ (split(\\\"{PurviewAccount:label}\\\", \\\", \\\"))\\r\\n| where SourceType in~ (split(\\\"{DataSource}\\\", \\\",\\\"))\\r\\n| extend CollectionName = iff(SourceCollectionName == \\\"\\\",\\\"No Collection\\\",SourceCollectionName)\\r\\n| where \\\"{Collection:label}\\\" == \\\"All\\\" or CollectionName in~ (split(\\\"{Collection:label}\\\", \\\", \\\"))\\r\\n| mv-expand Classification\\r\\n| where Classification != \\\"\\\"\\r\\n| distinct AssetPath, SourcePath, SourceType\\r\\n| summarize AssetClassifiedCount = count()  by DataSource = SourcePath;\\r\\n\\r\\nlet AssetsDrilldown = allAssets\\r\\n| join kind= leftouter classifiedAssets on DataSource\\r\\n| extend ClassifiedPercentage = round((100.0 * AssetClassifiedCount / AssetCount),1)\\r\\n| project DataSource, AssetCount, AssetClassifiedCount, ClassifiedPercentage;\\r\\n\\r\\nAssetsDrilldown\\r\\n\\r\\n\\r\\n\\r\\n\",\"size\":0,\"showAnalytics\":true,\"title\":\"Sources\",\"timeContext\":{\"durationMs\":2592000000},\"timeContextFromParameter\":\"Time\",\"showRefreshButton\":true,\"exportFieldName\":\"DataSource\",\"exportParameterName\":\"UserSelectedDataSource\",\"showExportToExcel\":true,\"queryType\":0,\"resourceType\":\"microsoft.operationalinsights/workspaces\",\"gridSettings\":{\"formatters\":[{\"columnMatch\":\"DataSource\",\"formatter\":0,\"formatOptions\":{\"customColumnWidthSetting\":\"40ch\"}},{\"columnMatch\":\"AssetCount\",\"formatter\":2,\"formatOptions\":{\"customColumnWidthSetting\":\"20ch\"}},{\"columnMatch\":\"AssetClassifiedCount\",\"formatter\":2,\"formatOptions\":{\"customColumnWidthSetting\":\"20ch\"},\"numberFormat\":{\"unit\":0,\"options\":{\"style\":\"decimal\"},\"emptyValCustomText\":\"0\"}},{\"columnMatch\":\"ClassifiedPercentage\",\"formatter\":2,\"formatOptions\":{\"customColumnWidthSetting\":\"20ch\"}}],\"filter\":true,\"labelSettings\":[{\"columnId\":\"DataSource\",\"label\":\"Data Source\"},{\"columnId\":\"AssetCount\",\"label\":\"Total Assets\"},{\"columnId\":\"AssetClassifiedCount\",\"label\":\"Classified Assets\"},{\"columnId\":\"ClassifiedPercentage\",\"label\":\"Classified %\"}]}},\"conditionalVisibility\":{\"parameterName\":\"Tab\",\"comparison\":\"isEqualTo\",\"value\":\"Resources\"},\"customWidth\":\"50\",\"name\":\"query - 8\",\"styleSettings\":{\"showBorder\":true}},{\"type\":3,\"content\":{\"version\":\"KqlItem/1.0\",\"query\":\"\\r\\nlet classifiedAssets = PurviewDataSensitivityLogs\\r\\n| where ActivityType == \\\"Classification\\\" \\r\\n| where \\\"{PurviewAccount:label}\\\" == \\\"All\\\" or PurviewAccountName in~ (split(\\\"{PurviewAccount:label}\\\", \\\", \\\"))\\r\\n| where SourceType in~ (split(\\\"{DataSource}\\\", \\\",\\\"))\\r\\n| extend CollectionName = iff(SourceCollectionName == \\\"\\\",\\\"No Collection\\\",SourceCollectionName)\\r\\n| where \\\"{Collection:label}\\\" == \\\"All\\\" or CollectionName in~ (split(\\\"{Collection:label}\\\", \\\", \\\"))\\r\\n| where (split(\\\"{UserSelectedDataSource:value}\\\", \\\", \\\")) contains SourcePath\\r\\n| summarize arg_max(TimeGenerated, PurviewTenantId, PurviewSubscriptionId, PurviewAccountName, PurviewRegion, SourceName, SourceType, SourcePath, SourceSubscriptionId, SourceRegion, SourceCollectionName, SourceOwner, AssetName, AssetPath, AssetType, AssetCreationTime, AssetModifiedTime, AssetOwner, AssetLastScanTime, FileExtension, FileSize, ActivityType, ClassificationActivityTrigger = ActivityTrigger, Classification, ClassificationCount, UserId, SensitivityLabelGuid, SensitivityLabelName) by AssetPath \\r\\n| project TimeGenerated, PurviewTenantId, PurviewSubscriptionId, PurviewAccountName, PurviewRegion, SourceName, SourceType, SourcePath, SourceSubscriptionId, SourceRegion, SourceCollectionName, SourceOwner, AssetName, AssetPath, AssetType, AssetCreationTime, AssetModifiedTime, AssetOwner, AssetLastScanTime, FileExtension, FileSize, ActivityType, ClassificationActivityTrigger, Classification, ClassificationCount, SensitivityLabelGuid,  SensitivityLabelName, UserId;\\r\\n\\r\\nlet labeledAssets = PurviewDataSensitivityLogs\\r\\n| where ActivityType == \\\"Labeling\\\" \\r\\n| where \\\"{PurviewAccount:label}\\\" == \\\"All\\\" or PurviewAccountName in~ (split(\\\"{PurviewAccount:label}\\\", \\\", \\\"))\\r\\n| where SourceType in~ (split(\\\"{DataSource}\\\", \\\",\\\"))\\r\\n| where SensitivityLabelName != int(null)\\r\\n| extend SensitivityLabel = iif(isempty(SensitivityLabelName), \\\"No Label\\\", SensitivityLabelName)\\r\\n| summarize arg_max(SensitivityLabel, SourceType, ActivityTrigger) by AssetPath\\r\\n| project AssetPath, SensitivityLabel, SensitivityLabelActivityTrigger = ActivityTrigger;\\r\\n\\r\\nlet table = classifiedAssets\\r\\n| join kind= leftouter labeledAssets on AssetPath\\r\\n| project TimeGenerated, PurviewTenantId, PurviewSubscriptionId, PurviewAccountName, PurviewRegion, SourceName, SourceType, SourcePath, SourceSubscriptionId, SourceRegion, SourceCollectionName, SourceOwner, AssetName, AssetPath, AssetType, AssetCreationTime, AssetModifiedTime, AssetOwner, AssetLastScanTime, FileExtension, FileSize, ActivityType, ClassificationActivityTrigger, SensitivityLabelActivityTrigger, Classification, ClassificationCount, SensitivityLabelGuid, SensitivityLabel, UserId\\r\\n| sort by ClassificationCount;\\r\\n\\r\\ntable\\r\\n\\r\\n\\r\\n\\r\\n\\r\\n\\r\\n\\r\\n\\r\\n\",\"size\":0,\"showAnalytics\":true,\"title\":\"Assets Drilldown\",\"timeContext\":{\"durationMs\":0},\"timeContextFromParameter\":\"Time\",\"showRefreshButton\":true,\"showExportToExcel\":true,\"queryType\":0,\"resourceType\":\"microsoft.operationalinsights/workspaces\",\"visualization\":\"table\",\"gridSettings\":{\"formatters\":[{\"columnMatch\":\"TimeGenerated\",\"formatter\":5},{\"columnMatch\":\"PurviewTenantId\",\"formatter\":5},{\"columnMatch\":\"PurviewSubscriptionId\",\"formatter\":5},{\"columnMatch\":\"PurviewAccountName\",\"formatter\":5},{\"columnMatch\":\"PurviewRegion\",\"formatter\":5},{\"columnMatch\":\"SourceName\",\"formatter\":5},{\"columnMatch\":\"SourceType\",\"formatter\":5},{\"columnMatch\":\"SourcePath\",\"formatter\":5},{\"columnMatch\":\"SourceSubscriptionId\",\"formatter\":5},{\"columnMatch\":\"SourceRegion\",\"formatter\":5},{\"columnMatch\":\"SourceCollectionName\",\"formatter\":5},{\"columnMatch\":\"SourceOwner\",\"formatter\":5},{\"columnMatch\":\"AssetName\",\"formatter\":5},{\"columnMatch\":\"AssetPath\",\"formatter\":7,\"formatOptions\":{\"linkTarget\":\"GenericDetails\",\"linkIsContextBlade\":true,\"customColumnWidthSetting\":\"60ch\"}},{\"columnMatch\":\"AssetType\",\"formatter\":5},{\"columnMatch\":\"AssetCreationTime\",\"formatter\":5},{\"columnMatch\":\"AssetModifiedTime\",\"formatter\":5},{\"columnMatch\":\"AssetOwner\",\"formatter\":5},{\"columnMatch\":\"AssetLastScanTime\",\"formatter\":5},{\"columnMatch\":\"FileExtension\",\"formatter\":5},{\"columnMatch\":\"FileSize\",\"formatter\":5},{\"columnMatch\":\"ClassificationActivityTrigger\",\"formatter\":5},{\"columnMatch\":\"SensitivityLabelActivityTrigger\",\"formatter\":5},{\"columnMatch\":\"Classification\",\"formatter\":5},{\"columnMatch\":\"ClassificationCount\",\"formatter\":4,\"formatOptions\":{\"palette\":\"blue\"}},{\"columnMatch\":\"SensitivityLabelGuid\",\"formatter\":5},{\"columnMatch\":\"UserId\",\"formatter\":5},{\"columnMatch\":\"ActivityTrigger\",\"formatter\":5},{\"columnMatch\":\"SensitivityLabelName\",\"formatter\":5,\"formatOptions\":{\"customColumnWidthSetting\":\"25ch\"}}],\"filter\":true,\"labelSettings\":[{\"columnId\":\"TimeGenerated\"},{\"columnId\":\"PurviewTenantId\"},{\"columnId\":\"PurviewSubscriptionId\"},{\"columnId\":\"PurviewAccountName\"},{\"columnId\":\"PurviewRegion\"},{\"columnId\":\"SourceName\"},{\"columnId\":\"SourceType\"},{\"columnId\":\"SourcePath\"},{\"columnId\":\"SourceSubscriptionId\"},{\"columnId\":\"SourceRegion\"},{\"columnId\":\"SourceCollectionName\"},{\"columnId\":\"AssetName\"},{\"columnId\":\"AssetPath\",\"label\":\"Asset Path\"},{\"columnId\":\"AssetType\"},{\"columnId\":\"AssetModifiedTime\"},{\"columnId\":\"AssetLastScanTime\"},{\"columnId\":\"FileExtension\"},{\"columnId\":\"FileSize\"},{\"columnId\":\"ActivityType\"},{\"columnId\":\"Classification\"},{\"columnId\":\"ClassificationCount\",\"label\":\"Classification Count\"}]}},\"conditionalVisibility\":{\"parameterName\":\"Tab\",\"comparison\":\"isEqualTo\",\"value\":\"Resources\"},\"customWidth\":\"50\",\"name\":\"query - 9\",\"styleSettings\":{\"showBorder\":true}},{\"type\":1,\"content\":{\"json\":\"__Classifications__\\r\\n\\r\\nClassifications within Azure Purview display which sensitive information resides within your organization. A list of supported classifications can be found at <a href='https://docs.microsoft.com/microsoft-365/compliance/sensitive-information-type-entity-definitions?view=o365-worldwide' target='_blank'>Sensitive Information Type Entity Definitions.</a> \\r\\n\\r\\n\",\"style\":\"info\"},\"conditionalVisibility\":{\"parameterName\":\"Tab\",\"comparison\":\"isEqualTo\",\"value\":\"Classification\"},\"name\":\"text - 10\"},{\"type\":3,\"content\":{\"version\":\"KqlItem/1.0\",\"query\":\"let TopClassifications = PurviewDataSensitivityLogs\\r\\n| where ActivityType == \\\"Classification\\\" \\r\\n| where \\\"{PurviewAccount:label}\\\" == \\\"All\\\" or PurviewAccountName in~ (split(\\\"{PurviewAccount:label}\\\", \\\", \\\"))\\r\\n| where \\\"{DataSource:label}\\\" == \\\"All\\\" or SourceType in~ (split(\\\"{DataSource:label}\\\", \\\", \\\"))\\r\\n| extend CollectionName = iff(SourceCollectionName == \\\"\\\",\\\"No Collection\\\",SourceCollectionName)\\r\\n| where \\\"{Collection:label}\\\" == \\\"All\\\" or CollectionName in~ (split(\\\"{Collection:label}\\\", \\\", \\\"))\\r\\n| summarize arg_max(TimeGenerated, Classification, FileSize, AssetType) by AssetPath \\r\\n| extend classifications = split(Classification, ',')\\r\\n| mv-expand classifications\\r\\n| extend Classification = trim(@\\\"[^\\\\w]+\\\", tostring(classifications))\\r\\n| where Classification != \\\"\\\"\\r\\n| distinct AssetPath, Classification\\r\\n| summarize AssetCount = count()  by Classification  \\r\\n| top 5 by AssetCount;\\r\\n\\r\\nTopClassifications\\r\\n\",\"size\":0,\"title\":\"Top Classifications\",\"timeContext\":{\"durationMs\":2592000000},\"timeContextFromParameter\":\"Time\",\"queryType\":0,\"resourceType\":\"microsoft.operationalinsights/workspaces\",\"visualization\":\"barchart\",\"gridSettings\":{\"formatters\":[{\"columnMatch\":\"SourceType_s\",\"formatter\":1},{\"columnMatch\":\"AssetCount\",\"formatter\":4,\"formatOptions\":{\"palette\":\"blue\"}}]},\"tileSettings\":{\"titleContent\":{\"columnMatch\":\"Classification\",\"formatter\":1},\"leftContent\":{\"columnMatch\":\"AssetCount\",\"formatter\":12,\"formatOptions\":{\"palette\":\"auto\"},\"numberFormat\":{\"unit\":17,\"options\":{\"maximumSignificantDigits\":3,\"maximumFractionDigits\":2}}},\"showBorder\":false,\"sortCriteriaField\":\"AssetCount\",\"sortOrderField\":2,\"size\":\"auto\"},\"graphSettings\":{\"type\":0,\"topContent\":{\"columnMatch\":\"Classification\",\"formatter\":1},\"centerContent\":{\"columnMatch\":\"AssetCount\",\"formatter\":1,\"numberFormat\":{\"unit\":17,\"options\":{\"maximumSignificantDigits\":3,\"maximumFractionDigits\":2}}}},\"chartSettings\":{\"yAxis\":[\"AssetCount\"],\"showLegend\":true},\"mapSettings\":{\"locInfo\":\"LatLong\",\"sizeSettings\":\"AssetCount\",\"sizeAggregation\":\"Sum\",\"legendMetric\":\"AssetCount\",\"legendAggregation\":\"Sum\",\"itemColorSettings\":{\"type\":\"heatmap\",\"colorAggregation\":\"Sum\",\"nodeColorField\":\"AssetCount\",\"heatmapPalette\":\"greenRed\"}}},\"conditionalVisibility\":{\"parameterName\":\"Tab\",\"comparison\":\"isEqualTo\",\"value\":\"Classification\"},\"customWidth\":\"50\",\"name\":\"query - 7 - Copy\",\"styleSettings\":{\"showBorder\":true}},{\"type\":3,\"content\":{\"version\":\"KqlItem/1.0\",\"query\":\"let TopClassifiedAssets = PurviewDataSensitivityLogs\\r\\n| where ActivityType == \\\"Classification\\\" \\r\\n| where \\\"{PurviewAccount:label}\\\" == \\\"All\\\" or PurviewAccountName in~ (split(\\\"{PurviewAccount:label}\\\", \\\", \\\"))\\r\\n| where \\\"{DataSource:label}\\\" == \\\"All\\\" or SourceType in~ (split(\\\"{DataSource:label}\\\", \\\", \\\"))\\r\\n| extend CollectionName = iff(SourceCollectionName == \\\"\\\",\\\"No Collection\\\",SourceCollectionName)\\r\\n| where \\\"{Collection:label}\\\" == \\\"All\\\" or CollectionName in~ (split(\\\"{Collection:label}\\\", \\\", \\\"))\\r\\n| summarize arg_max(TimeGenerated, Classification, ClassificationCount, AssetName, AssetType, AssetPath, FileExtension, FileSize, SourceType, SourcePath) by AssetPath \\r\\n| project AssetPath, SourcePath, ClassificationCount\\r\\n| top 4 by ClassificationCount;\\r\\n\\r\\nTopClassifiedAssets\",\"size\":0,\"title\":\"Top Assets with Classifications\",\"timeContext\":{\"durationMs\":2592000000},\"timeContextFromParameter\":\"Time\",\"queryType\":0,\"resourceType\":\"microsoft.operationalinsights/workspaces\",\"visualization\":\"tiles\",\"tileSettings\":{\"titleContent\":{\"columnMatch\":\"SourcePath\",\"formatter\":13,\"formatOptions\":{\"showIcon\":true}},\"subtitleContent\":{\"columnMatch\":\"AssetPath\"},\"leftContent\":{\"columnMatch\":\"ClassificationCount\",\"formatter\":12,\"formatOptions\":{\"palette\":\"auto\"},\"numberFormat\":{\"unit\":17,\"options\":{\"style\":\"decimal\",\"maximumFractionDigits\":2,\"maximumSignificantDigits\":3}}},\"showBorder\":true,\"size\":\"full\"}},\"conditionalVisibility\":{\"parameterName\":\"Tab\",\"comparison\":\"isEqualTo\",\"value\":\"Classification\"},\"customWidth\":\"50\",\"name\":\"query - 19\"},{\"type\":1,\"content\":{\"json\":\"To use the Classifications Drilldown view, select a Classification in the Classifications table below to get a list all assets scanned by Purview with that classification. Within the Classifications Drilldown, click on the Asset Path hyperlink to view the Details pane.\",\"style\":\"warning\"},\"conditionalVisibility\":{\"parameterName\":\"Tab\",\"comparison\":\"isEqualTo\",\"value\":\"Classification\"},\"name\":\"text - 22 - Copy - Copy\"},{\"type\":3,\"content\":{\"version\":\"KqlItem/1.0\",\"query\":\"let Classifications = PurviewDataSensitivityLogs\\r\\n| where ActivityType == \\\"Classification\\\"\\r\\n| where \\\"{PurviewAccount:label}\\\" == \\\"All\\\" or PurviewAccountName in~ (split(\\\"{PurviewAccount:label}\\\", \\\", \\\"))\\r\\n| where \\\"{DataSource:label}\\\" == \\\"All\\\" or SourceType in~ (split(\\\"{DataSource:label}\\\", \\\", \\\"))\\r\\n| extend CollectionName = iff(SourceCollectionName == \\\"\\\",\\\"No Collection\\\",SourceCollectionName)\\r\\n| where \\\"{Collection:label}\\\" == \\\"All\\\" or CollectionName in~ (split(\\\"{Collection:label}\\\", \\\", \\\"))\\r\\n| summarize arg_max(TimeGenerated, Classification, FileSize, AssetType) by AssetPath \\r\\n| extend classifications = split(Classification, ',')\\r\\n| mv-expand classifications\\r\\n| extend Classification = trim(@\\\"[^\\\\w]+\\\", tostring(classifications))\\r\\n| where Classification != \\\"\\\"\\r\\n| summarize FileSize = round(sum(FileSize)/1000000,2), AssetCount = count() by Classification\\r\\n| project Classification, FileSize, AssetCount;\\r\\n\\r\\nClassifications\\r\\n\\r\\n\\r\\n\\r\\n\\r\\n\\r\\n\\r\\n\\r\\n\\r\\n\\r\\n\\r\\n\\r\\n\",\"size\":0,\"showAnalytics\":true,\"title\":\"Classifications\",\"timeContext\":{\"durationMs\":0},\"timeContextFromParameter\":\"Time\",\"showRefreshButton\":true,\"exportFieldName\":\"Classification\",\"exportParameterName\":\"UserSelectedClassification\",\"showExportToExcel\":true,\"queryType\":0,\"resourceType\":\"microsoft.operationalinsights/workspaces\",\"visualization\":\"table\",\"gridSettings\":{\"formatters\":[{\"columnMatch\":\"Classification\",\"formatter\":0,\"formatOptions\":{\"customColumnWidthSetting\":\"50ch\"}},{\"columnMatch\":\"FileSize\",\"formatter\":8,\"formatOptions\":{\"palette\":\"blue\",\"customColumnWidthSetting\":\"25ch\"}},{\"columnMatch\":\"AssetCount\",\"formatter\":4,\"formatOptions\":{\"palette\":\"blue\",\"customColumnWidthSetting\":\"25ch\"}}],\"filter\":true,\"sortBy\":[{\"itemKey\":\"$gen_bar_AssetCount_2\",\"sortOrder\":2}],\"labelSettings\":[{\"columnId\":\"Classification\"},{\"columnId\":\"FileSize\",\"label\":\"Total Size of Files (MB)\"},{\"columnId\":\"AssetCount\",\"label\":\"Classified Asset Count\"}]},\"sortBy\":[{\"itemKey\":\"$gen_bar_AssetCount_2\",\"sortOrder\":2}],\"tileSettings\":{\"showBorder\":false,\"titleContent\":{\"columnMatch\":\"Classification\",\"formatter\":1},\"leftContent\":{\"columnMatch\":\"Size\",\"formatter\":12,\"formatOptions\":{\"palette\":\"auto\"},\"numberFormat\":{\"unit\":17,\"options\":{\"maximumSignificantDigits\":3,\"maximumFractionDigits\":2}}}}},\"conditionalVisibility\":{\"parameterName\":\"Tab\",\"comparison\":\"isEqualTo\",\"value\":\"Classification\"},\"customWidth\":\"50\",\"name\":\"query - 4 - Copy\",\"styleSettings\":{\"showBorder\":true}},{\"type\":3,\"content\":{\"version\":\"KqlItem/1.0\",\"query\":\"let ClassificationsDrilldown = PurviewDataSensitivityLogs\\r\\n| where ActivityType == \\\"Classification\\\" \\r\\n| where \\\"{PurviewAccount:label}\\\" == \\\"All\\\" or PurviewAccountName in~ (split(\\\"{PurviewAccount:label}\\\", \\\", \\\"))\\r\\n| where \\\"{DataSource:label}\\\" == \\\"All\\\" or SourceType in~ (split(\\\"{DataSource:label}\\\", \\\", \\\"))\\r\\n| extend CollectionName = iff(SourceCollectionName == \\\"\\\",\\\"No Collection\\\",SourceCollectionName)\\r\\n| where \\\"{Collection:label}\\\" == \\\"All\\\" or CollectionName in~ (split(\\\"{Collection:label}\\\", \\\", \\\"))\\r\\n| extend classifications = split(Classification, ',')\\r\\n| mv-expand classifications\\r\\n| extend Classification = trim(@\\\"[^\\\\w]+\\\", tostring(classifications))\\r\\n| where Classification != \\\"\\\"\\r\\n| where (split(\\\"{UserSelectedClassification:label}\\\", \\\", \\\")) contains Classification\\r\\n| summarize arg_max(TimeGenerated, PurviewTenantId, PurviewSubscriptionId, PurviewAccountName, PurviewRegion, SourceName, SourceType, SourcePath, SourceSubscriptionId, SourceRegion, SourceCollectionName, SourceOwner, AssetName, AssetPath, AssetType, AssetCreationTime, AssetModifiedTime, AssetOwner, AssetLastScanTime, FileExtension, FileSize, ActivityType, ActivityTrigger, Classification, ClassificationCount, SensitivityLabelGuid,  SensitivityLabelName, UserId) by AssetPath \\r\\n| project TimeGenerated, PurviewTenantId, PurviewSubscriptionId, PurviewAccountName, PurviewRegion, SourceName, SourceType, SourcePath, SourceSubscriptionId, SourceRegion, SourceCollectionName, SourceOwner, AssetName, AssetPath, AssetType, AssetCreationTime, AssetModifiedTime, AssetOwner, AssetLastScanTime, FileExtension, FileSize, ActivityType, ActivityTrigger, Classification, ClassificationCount, SensitivityLabelGuid,  SensitivityLabelName, UserId;\\r\\n\\r\\nClassificationsDrilldown\\r\\n\\r\\n\\r\\n\\r\\n\\r\\n\\r\\n\\r\\n\\r\\n\\r\\n\",\"size\":0,\"showAnalytics\":true,\"title\":\"Classifications Drilldown- Asset Level\",\"timeContext\":{\"durationMs\":2592000000},\"timeContextFromParameter\":\"Time\",\"showRefreshButton\":true,\"showExportToExcel\":true,\"queryType\":0,\"resourceType\":\"microsoft.operationalinsights/workspaces\",\"gridSettings\":{\"formatters\":[{\"columnMatch\":\"TimeGenerated\",\"formatter\":5},{\"columnMatch\":\"PurviewTenantId\",\"formatter\":5},{\"columnMatch\":\"PurviewSubscriptionId\",\"formatter\":5},{\"columnMatch\":\"PurviewAccountName\",\"formatter\":5},{\"columnMatch\":\"PurviewRegion\",\"formatter\":5},{\"columnMatch\":\"SourceName\",\"formatter\":5},{\"columnMatch\":\"SourceType\",\"formatter\":5},{\"columnMatch\":\"SourcePath\",\"formatter\":5},{\"columnMatch\":\"SourceSubscriptionId\",\"formatter\":5},{\"columnMatch\":\"SourceRegion\",\"formatter\":5},{\"columnMatch\":\"SourceCollectionName\",\"formatter\":5},{\"columnMatch\":\"SourceOwner\",\"formatter\":5},{\"columnMatch\":\"AssetName\",\"formatter\":5},{\"columnMatch\":\"AssetPath\",\"formatter\":7,\"formatOptions\":{\"linkTarget\":\"GenericDetails\",\"linkIsContextBlade\":true,\"customColumnWidthSetting\":\"70ch\"}},{\"columnMatch\":\"AssetType\",\"formatter\":5},{\"columnMatch\":\"AssetCreationTime\",\"formatter\":5},{\"columnMatch\":\"AssetModifiedTime\",\"formatter\":5},{\"columnMatch\":\"AssetOwner\",\"formatter\":5},{\"columnMatch\":\"AssetLastScanTime\",\"formatter\":0,\"formatOptions\":{\"customColumnWidthSetting\":\"30ch\"}},{\"columnMatch\":\"FileExtension\",\"formatter\":5},{\"columnMatch\":\"FileSize\",\"formatter\":5},{\"columnMatch\":\"ActivityType\",\"formatter\":5},{\"columnMatch\":\"ActivityTrigger\",\"formatter\":5},{\"columnMatch\":\"Classification\",\"formatter\":5},{\"columnMatch\":\"SensitivityLabelGuid\",\"formatter\":5},{\"columnMatch\":\"SensitivityLabelName\",\"formatter\":5},{\"columnMatch\":\"UserId\",\"formatter\":5}],\"filter\":true}},\"conditionalVisibility\":{\"parameterName\":\"Tab\",\"comparison\":\"isEqualTo\",\"value\":\"Classification\"},\"customWidth\":\"50\",\"name\":\"query - 10\",\"styleSettings\":{\"showBorder\":true}},{\"type\":1,\"content\":{\"json\":\"__Sensitivity Labels__\\r\\n\\r\\nSensitivity Labels let you classify your organization's data in order to highlight which resources contain sensitive information. Labels can be set up through Security and Compliance Center and applied in Azure Purview. <a href='https://docs.microsoft.com/azure/purview/create-sensitivity-label' target='_blank'>Learn More</a> \",\"style\":\"info\"},\"conditionalVisibility\":{\"parameterName\":\"Tab\",\"comparison\":\"isEqualTo\",\"value\":\"Labels\"},\"name\":\"text - 12\"},{\"type\":3,\"content\":{\"version\":\"KqlItem/1.0\",\"query\":\"let SensitivityLabelsCount = PurviewDataSensitivityLogs\\r\\n| where ActivityType == \\\"Labeling\\\" \\r\\n| where \\\"{PurviewAccount:label}\\\" == \\\"All\\\" or PurviewAccountName in~ (split(\\\"{PurviewAccount:label}\\\", \\\", \\\"))\\r\\n| where \\\"{DataSource:label}\\\" == \\\"All\\\" or SourceType in~ (split(\\\"{DataSource:label}\\\", \\\", \\\"))\\r\\n| extend CollectionName = iff(SourceCollectionName == \\\"\\\",\\\"No Collection\\\",SourceCollectionName)\\r\\n| where \\\"{Collection:label}\\\" == \\\"All\\\" or CollectionName in~ (split(\\\"{Collection:label}\\\", \\\", \\\"))\\r\\n| where SensitivityLabelName != \\\"\\\"\\r\\n| summarize arg_max(SensitivityLabelName, SourceType) by AssetPath \\r\\n| summarize LabelCount = count() by SensitivityLabelName, SourceType;\\r\\n\\r\\nSensitivityLabelsCount\",\"size\":0,\"title\":\"Sensitivity Labels Count\",\"timeContext\":{\"durationMs\":2592000000},\"timeContextFromParameter\":\"Time\",\"exportFieldName\":\"SensitivityLabelName\",\"exportParameterName\":\"UserSelectedLabel\",\"queryType\":0,\"resourceType\":\"microsoft.operationalinsights/workspaces\",\"visualization\":\"barchart\",\"tileSettings\":{\"showBorder\":false,\"titleContent\":{\"columnMatch\":\"SensitivityLabelName\",\"formatter\":1},\"leftContent\":{\"columnMatch\":\"LabelCount\",\"formatter\":12,\"formatOptions\":{\"palette\":\"auto\"},\"numberFormat\":{\"unit\":17,\"options\":{\"maximumSignificantDigits\":3,\"maximumFractionDigits\":2}}}}},\"conditionalVisibility\":{\"parameterName\":\"Tab\",\"comparison\":\"isEqualTo\",\"value\":\"Labels\"},\"customWidth\":\"50\",\"name\":\"query - 14\",\"styleSettings\":{\"showBorder\":true}},{\"type\":3,\"content\":{\"version\":\"KqlItem/1.0\",\"query\":\"let LabelPercentage = PurviewDataSensitivityLogs\\r\\n| where ActivityType == \\\"Labeling\\\"\\r\\n| where \\\"{PurviewAccount:label}\\\" == \\\"All\\\" or PurviewAccountName in~ (split(\\\"{PurviewAccount:label}\\\", \\\", \\\"))\\r\\n| where \\\"{DataSource:label}\\\" == \\\"All\\\" or SourceType in~ (split(\\\"{DataSource:label}\\\", \\\", \\\"))\\r\\n| extend CollectionName = iff(SourceCollectionName == \\\"\\\",\\\"No Collection\\\",SourceCollectionName)\\r\\n| where \\\"{Collection:label}\\\" == \\\"All\\\" or CollectionName in~ (split(\\\"{Collection:label}\\\", \\\", \\\"))\\r\\n| summarize arg_max(AssetName, SensitivityLabelName, SourceType) by AssetPath \\r\\n| summarize LabelCount = count() by SensitivityLabelName, SourceType;\\r\\n\\r\\nLabelPercentage;\\r\\n\",\"size\":3,\"title\":\"Percentage of Labels Applied\",\"timeContext\":{\"durationMs\":2592000000},\"timeContextFromParameter\":\"Time\",\"queryType\":0,\"resourceType\":\"microsoft.operationalinsights/workspaces\",\"visualization\":\"piechart\",\"tileSettings\":{\"showBorder\":false,\"titleContent\":{\"columnMatch\":\"SensitivityLabelName_s\",\"formatter\":1},\"leftContent\":{\"columnMatch\":\"LabelCount\",\"formatter\":12,\"formatOptions\":{\"palette\":\"auto\"},\"numberFormat\":{\"unit\":17,\"options\":{\"maximumSignificantDigits\":3,\"maximumFractionDigits\":2}}}},\"graphSettings\":{\"type\":0,\"topContent\":{\"columnMatch\":\"SensitivityLabelName_s\",\"formatter\":1},\"centerContent\":{\"columnMatch\":\"LabelCount\",\"formatter\":1,\"numberFormat\":{\"unit\":17,\"options\":{\"maximumSignificantDigits\":3,\"maximumFractionDigits\":2}}}},\"chartSettings\":{\"yAxis\":[\"LabelCount\"],\"seriesLabelSettings\":[{\"seriesName\":\"\",\"label\":\"No Label\",\"color\":\"gray\"},{\"seriesName\":\"General\",\"color\":\"blue\"}],\"ySettings\":{\"numberFormatSettings\":{\"unit\":0,\"options\":{\"style\":\"decimal\",\"useGrouping\":true}}}},\"mapSettings\":{\"locInfo\":\"LatLong\",\"sizeSettings\":\"LabelCount\",\"sizeAggregation\":\"Sum\",\"legendMetric\":\"LabelCount\",\"legendAggregation\":\"Sum\",\"itemColorSettings\":{\"type\":\"heatmap\",\"colorAggregation\":\"Sum\",\"nodeColorField\":\"LabelCount\",\"heatmapPalette\":\"greenRed\"}}},\"conditionalVisibility\":{\"parameterName\":\"Tab\",\"comparison\":\"isEqualTo\",\"value\":\"Labels\"},\"customWidth\":\"50\",\"name\":\"query - 11\",\"styleSettings\":{\"padding\":\"20\",\"showBorder\":true}},{\"type\":1,\"content\":{\"json\":\"To use the Sensitivity Labels Drilldown view, select a Sensitivity Label in the table below to get a list all assets scanned by Purview with that label. Within the Asset Level Drilldown, click on the Asset Path hyperlink to view the Details pane.\",\"style\":\"warning\"},\"conditionalVisibility\":{\"parameterName\":\"Tab\",\"comparison\":\"isEqualTo\",\"value\":\"Labels\"},\"name\":\"text - 22 - Copy\"},{\"type\":3,\"content\":{\"version\":\"KqlItem/1.0\",\"query\":\"let SensitivityLabels = PurviewDataSensitivityLogs\\r\\n| where ActivityType == \\\"Labeling\\\" \\r\\n| where \\\"{PurviewAccount:label}\\\" == \\\"All\\\" or PurviewAccountName in~ (split(\\\"{PurviewAccount:label}\\\", \\\", \\\"))\\r\\n| where \\\"{DataSource:label}\\\" == \\\"All\\\" or SourceType in~ (split(\\\"{DataSource:label}\\\", \\\", \\\"))\\r\\n| extend CollectionName = iff(SourceCollectionName == \\\"\\\",\\\"No Collection\\\",SourceCollectionName)\\r\\n| where \\\"{Collection:label}\\\" == \\\"All\\\" or CollectionName in~ (split(\\\"{Collection:label}\\\", \\\", \\\"))\\r\\n| extend newSensitivityLabelName = iff(SensitivityLabelName == \\\"\\\", \\\"No Label\\\", SensitivityLabelName)\\r\\n| summarize arg_max(newSensitivityLabelName, SourceType, FileSize) by AssetPath \\r\\n| summarize FileSize = round(sum(FileSize)/1000000,2), AssetCount = count() by newSensitivityLabelName\\r\\n| sort by AssetCount;\\r\\n\\r\\nSensitivityLabels\",\"size\":0,\"showAnalytics\":true,\"title\":\"Sensitivity Labels\",\"timeContext\":{\"durationMs\":2592000000},\"timeContextFromParameter\":\"Time\",\"showRefreshButton\":true,\"exportFieldName\":\"newSensitivityLabelName\",\"exportParameterName\":\"UserSelectedLabel\",\"showExportToExcel\":true,\"queryType\":0,\"resourceType\":\"microsoft.operationalinsights/workspaces\",\"visualization\":\"table\",\"gridSettings\":{\"formatters\":[{\"columnMatch\":\"SensitivityLabelName\",\"formatter\":1,\"formatOptions\":{\"customColumnWidthSetting\":\"60ch\"}},{\"columnMatch\":\"FileSize\",\"formatter\":8,\"formatOptions\":{\"palette\":\"blue\",\"customColumnWidthSetting\":\"20ch\"}},{\"columnMatch\":\"Count\",\"formatter\":4,\"formatOptions\":{\"palette\":\"blue\",\"customColumnWidthSetting\":\"20ch\"}}],\"filter\":true,\"labelSettings\":[{\"columnId\":\"newSensitivityLabelName\",\"label\":\"Label\"},{\"columnId\":\"FileSize\",\"label\":\"Total Size of Files (MB)\"},{\"columnId\":\"AssetCount\",\"label\":\"Asset Count\"}]},\"tileSettings\":{\"showBorder\":false,\"titleContent\":{\"columnMatch\":\"SensitivityLabelName\",\"formatter\":1},\"leftContent\":{\"columnMatch\":\"LabelCount\",\"formatter\":12,\"formatOptions\":{\"palette\":\"auto\"},\"numberFormat\":{\"unit\":17,\"options\":{\"maximumSignificantDigits\":3,\"maximumFractionDigits\":2}}}}},\"conditionalVisibility\":{\"parameterName\":\"Tab\",\"comparison\":\"isEqualTo\",\"value\":\"Labels\"},\"customWidth\":\"50\",\"name\":\"query - 14 - Copy\",\"styleSettings\":{\"showBorder\":true}},{\"type\":3,\"content\":{\"version\":\"KqlItem/1.0\",\"query\":\"let labelDrilldown = PurviewDataSensitivityLogs\\r\\n| where ActivityType == \\\"Labeling\\\" \\r\\n| where \\\"{PurviewAccount:label}\\\" == \\\"All\\\" or PurviewAccountName in~ (split(\\\"{PurviewAccount:label}\\\", \\\", \\\"))\\r\\n| where \\\"{DataSource:label}\\\" == \\\"All\\\" or SourceType in~ (split(\\\"{DataSource:label}\\\", \\\", \\\"))\\r\\n| extend CollectionName = iff(SourceCollectionName == \\\"\\\",\\\"No Collection\\\",SourceCollectionName)\\r\\n| where \\\"{Collection:label}\\\" == \\\"All\\\" or CollectionName in~ (split(\\\"{Collection:label}\\\", \\\", \\\"))\\r\\n| extend SensitivityLabel = iif(isempty(SensitivityLabelName), \\\"No Label\\\", SensitivityLabelName)\\r\\n| where (split(\\\"{UserSelectedLabel:label}\\\", \\\", \\\")) contains SensitivityLabel\\r\\n| summarize arg_max(TimeGenerated, PurviewTenantId, PurviewSubscriptionId, PurviewAccountName, PurviewRegion, SourceName, SourceType, SourcePath, SourceSubscriptionId, SourceRegion, SourceCollectionName, SourceOwner, AssetName, AssetPath, AssetType, AssetCreationTime, AssetModifiedTime, AssetOwner, AssetLastScanTime, FileExtension, FileSize, ActivityType, ActivityTrigger, Classification, ClassificationCount, SensitivityLabelGuid,  SensitivityLabel, UserId) by AssetPath \\r\\n| project TimeGenerated, PurviewTenantId, PurviewSubscriptionId, PurviewAccountName, PurviewRegion, SourceName, SourceType, SourcePath, SourceSubscriptionId, SourceRegion, SourceCollectionName, SourceOwner, AssetName, AssetPath, AssetType, AssetCreationTime, AssetModifiedTime, AssetOwner, AssetLastScanTime, FileExtension, FileSize, ActivityType, ActivityTrigger, Classification, ClassificationCount, SensitivityLabelGuid,  SensitivityLabel, UserId;\\r\\n\\r\\nlabelDrilldown\",\"size\":0,\"showAnalytics\":true,\"title\":\"Sensitivity Labels Drilldown- Asset Level\",\"timeContext\":{\"durationMs\":2592000000},\"timeContextFromParameter\":\"Time\",\"showRefreshButton\":true,\"showExportToExcel\":true,\"queryType\":0,\"resourceType\":\"microsoft.operationalinsights/workspaces\",\"gridSettings\":{\"formatters\":[{\"columnMatch\":\"TimeGenerated\",\"formatter\":5},{\"columnMatch\":\"PurviewTenantId\",\"formatter\":5},{\"columnMatch\":\"PurviewSubscriptionId\",\"formatter\":5},{\"columnMatch\":\"PurviewAccountName\",\"formatter\":5},{\"columnMatch\":\"PurviewRegion\",\"formatter\":5},{\"columnMatch\":\"SourceName\",\"formatter\":5},{\"columnMatch\":\"SourceType\",\"formatter\":5},{\"columnMatch\":\"SourcePath\",\"formatter\":5},{\"columnMatch\":\"SourceSubscriptionId\",\"formatter\":5},{\"columnMatch\":\"SourceRegion\",\"formatter\":5},{\"columnMatch\":\"SourceCollectionName\",\"formatter\":5},{\"columnMatch\":\"SourceOwner\",\"formatter\":5},{\"columnMatch\":\"AssetName\",\"formatter\":5},{\"columnMatch\":\"AssetPath\",\"formatter\":7,\"formatOptions\":{\"linkTarget\":\"GenericDetails\",\"linkIsContextBlade\":true,\"customColumnWidthSetting\":\"70ch\"}},{\"columnMatch\":\"AssetType\",\"formatter\":5},{\"columnMatch\":\"AssetCreationTime\",\"formatter\":5},{\"columnMatch\":\"AssetModifiedTime\",\"formatter\":5},{\"columnMatch\":\"AssetOwner\",\"formatter\":5},{\"columnMatch\":\"FileExtension\",\"formatter\":5},{\"columnMatch\":\"FileSize\",\"formatter\":5},{\"columnMatch\":\"ActivityType\",\"formatter\":5},{\"columnMatch\":\"ActivityTrigger\",\"formatter\":5},{\"columnMatch\":\"Classification\",\"formatter\":5},{\"columnMatch\":\"ClassificationCount\",\"formatter\":5},{\"columnMatch\":\"SensitivityLabelGuid\",\"formatter\":5},{\"columnMatch\":\"SensitivityLabel\",\"formatter\":5},{\"columnMatch\":\"UserId\",\"formatter\":5}],\"filter\":true}},\"conditionalVisibility\":{\"parameterName\":\"Tab\",\"comparison\":\"isEqualTo\",\"value\":\"Labels\"},\"customWidth\":\"50\",\"name\":\"query - 13\",\"styleSettings\":{\"showBorder\":true}}],\"fromTemplateId\":\"sentinel-AzurePurview\",\"$schema\":\"https://github.com/Microsoft/Application-Insights-Workbooks/blob/master/schema/workbook.json\"}\r\n",
        "version": "1.0",
        "sourceId": "[concat(resourceGroup().id, '/providers/Microsoft.OperationalInsights/workspaces/',parameters('workspace'))]",
        "category": "sentinel",
        "etag": "*"
      }
    }
  ]
}
