{
    "$schema": "https://schema.management.azure.com/schemas/2019-04-01/deploymentTemplate.json#",
    "contentVersion": "[variables('playbookVersion7')]",
    "parameters": {
        "PlaybookName": {
            "defaultValue": "CiscoUmbrella-BlockDomain",
            "type": "String"
        },
        "customApis_ciscoumbrellaenforcement_name": {
            "defaultValue": "CiscoUmbrellaEnforcementAPI",
            "type": "String"
        }
    },
    "variables": {
        "playbookVersion7": "1.0",
        "playbookContentId7": "CiscoUmbrella-BlockDomain",
        "_playbookContentId7": "[variables('playbookContentId7')]",
        "playbookId7": "[resourceId('Microsoft.Logic/workflows', variables('playbookContentId7'))]",
        "CiscoUmbrellaEnforcementAPIConnector": "CiscoUmbrellaEnforcementAPIConnector",
        "_CiscoUmbrellaEnforcementAPIConnector": "[variables('CiscoUmbrellaEnforcementAPIConnector')]",
        "AzureSentinelConnectionName": "[[concat('azuresentinel-', parameters('PlaybookName'))]",
        "CiscoUmbrellaEnforcementAPIConnectionName": "[[concat('ciscoumbrellaenforcement-connection-', parameters('PlaybookName'))]",
        "connection-1": "[[concat('/subscriptions/', subscription().subscriptionId, '/providers/Microsoft.Web/locations/', variables('workspace-location-inline'), '/managedApis/azuresentinel')]",
        "_connection-1": "[[variables('connection-1')]",
        "connection-2": "[[concat('/subscriptions/', subscription().subscriptionId, '/resourceGroups/', resourceGroup().name, '/providers/Microsoft.Web/customApis/', parameters('customApis_ciscoumbrellaenforcement_name'))]",
        "_connection-2": "[[variables('connection-2')]",
        "workspace-location-inline": "[concat('[resourceGroup().locatio', 'n]')]",
        "workspace-name": "[parameters('workspace')]",
        "workspaceResourceId": "[[resourceId('microsoft.OperationalInsights/Workspaces', variables('workspace-name'))]",
        "blanks": "[replace('b', 'b', '')]"
    },
    "resources": [
        {
            "type": "Microsoft.Web/connections",
            "apiVersion": "2016-06-01",
            "name": "[[variables('AzureSentinelConnectionName')]",
            "location": "[[variables('workspace-location-inline')]",
            "properties": {
                "displayName": "[[variables('AzureSentinelConnectionName')]",
                "api": {
                    "id": "[[variables('_connection-1')]"
                }
            }
        },
        {
            "type": "Microsoft.Web/connections",
            "apiVersion": "2016-06-01",
            "name": "[[variables('CiscoUmbrellaEnforcementAPIConnectionName')]",
            "location": "[[variables('workspace-location-inline')]",
            "kind": "V1",
            "properties": {
                "displayName": "[[variables('CiscoUmbrellaEnforcementAPIConnectionName')]",
                "api": {
                    "id": "[[variables('_connection-2')]"
                }
            }
        },
        {
            "type": "Microsoft.Logic/workflows",
            "apiVersion": "2017-07-01",
            "name": "[[parameters('PlaybookName')]",
            "location": "[[variables('workspace-location-inline')]",
            "dependsOn": [
                "[[resourceId('Microsoft.Web/connections', variables('AzureSentinelConnectionName'))]",
                "[[resourceId('Microsoft.Web/connections', variables('CiscoUmbrellaEnforcementAPIConnectionName'))]"
            ],
            "properties": {
                "state": "Enabled",
                "definition": {
                    "$schema": "https://schema.management.azure.com/providers/Microsoft.Logic/schemas/2016-06-01/workflowdefinition.json#",
                    "actions": {
                        "Add_comment_to_incident_(V3)": {
                            "inputs": {
                                "body": {
                                    "incidentArmId": "@triggerBody()?['object']?['id']",
                                    "message": "<p>@{outputs('Create_logo')}CiscoUmbrella-BlockDomain<br>\nThe following domains have been added to Cisco Umbrella block destination list:<br>\n@{body('Create_HTML_table')}</p>"
                                },
                                "host": {
                                    "connection": {
                                        "name": "@parameters('$connections')['azuresentinel']['connectionId']"
                                    }
                                },
                                "method": "post",
                                "path": "/Incidents/Comment"
                            },
                            "runAfter": {
                                "Create_logo": [
                                    "Succeeded"
                                ]
                            },
                            "type": "ApiConnection"
                        },
                        "Create_HTML_table": {
                            "inputs": {
                                "columns": [
                                    {
                                        "header": "Domain",
                                        "value": "@item()"
                                    }
                                ],
                                "format": "HTML",
                                "from": "@variables('blocked_domains')"
                            },
                            "runAfter": {
                                "For_each_URL": [
                                    "Succeeded"
                                ]
                            },
                            "type": "Table"
                        },
                        "Create_logo": {
                            "inputs": "<img src=\"https://github.com/Azure/Azure-Sentinel/raw/master/Solutions/CiscoUmbrella/Playbooks/cisco-logo.png\"  width=\"32\" height=\"32\">",
                            "runAfter": {
                                "Create_HTML_table": [
                                    "Succeeded"
                                ]
                            },
                            "type": "Compose"
                        },
                        "Entities_-_Get_URLs": {
                            "inputs": {
                                "body": "@triggerBody()?['object']?['properties']?['relatedEntities']",
                                "host": {
                                    "connection": {
                                        "name": "@parameters('$connections')['azuresentinel']['connectionId']"
                                    }
                                },
                                "method": "post",
                                "path": "/entities/url"
                            },
                            "runAfter": {
                                "Initialize_variable_blocked_domains": [
                                    "Succeeded"
                                ]
                            },
                            "type": "ApiConnection"
                        },
                        "For_each_URL": {
                            "actions": {
                                "Append_domain_to_blocked_domains_variable": {
                                    "inputs": {
                                        "name": "blocked_domains",
                                        "value": "@outputs('Get_Domain_from_URL')"
                                    },
                                    "runAfter": {
                                        "Block_domain": [
                                            "Succeeded"
                                        ]
                                    },
                                    "type": "AppendToArrayVariable"
                                },
                                "Block_domain": {
                                    "inputs": {
                                        "body": [
                                            {
                                                "alertTime": "@{utcNow()}",
                                                "deviceId": "azuresentinel",
                                                "deviceVersion": "13.7a",
                                                "dstDomain": "@{outputs('Get_Domain_from_URL')}",
                                                "dstUrl": "@{outputs('Get_Domain_from_URL')}",
                                                "eventTime": "@{utcNow()}",
                                                "protocolVersion": "1.0a",
                                                "providerName": "Security Platform"
                                            }
                                        ],
                                        "headers": {
                                            "Accept": "application/json"
                                        },
                                        "host": {
                                            "connection": {
                                                "name": "@parameters('$connections')['ciscoumbrellaenforcement']['connectionId']"
                                            }
                                        },
                                        "method": "post",
                                        "path": "/1.0/events"
                                    },
                                    "runAfter": {
                                        "Get_Domain_from_URL": [
                                            "Succeeded"
                                        ]
                                    },
                                    "type": "ApiConnection"
                                },
                                "Get_Domain_from_URL": {
                                    "inputs": "@split(replace(replace(items('For_each_URL')?['Url'],'http://',''), 'https://', ''), '/')[0]",
                                    "type": "Compose"
                                }
                            },
                            "foreach": "@body('Entities_-_Get_URLs')?['URLs']",
                            "runAfter": {
                                "Entities_-_Get_URLs": [
                                    "Succeeded"
                                ]
                            },
                            "type": "Foreach"
                        },
                        "Initialize_variable_blocked_domains": {
                            "inputs": {
                                "variables": [
                                    {
                                        "name": "blocked_domains",
                                        "type": "array"
                                    }
                                ]
                            },
                            "type": "InitializeVariable"
                        }
                    },
                    "contentVersion": "1.0.0.0",
                    "parameters": {
                        "$connections": {
                            "type": "Object"
                        }
                    },
                    "triggers": {
                        "When_Azure_Sentinel_incident_creation_rule_was_triggered": {
                            "inputs": {
                                "body": {
                                    "callback_url": "@{listCallbackUrl()}"
                                },
                                "host": {
                                    "connection": {
                                        "name": "@parameters('$connections')['azuresentinel']['connectionId']"
                                    }
                                },
                                "path": "/incident-creation"
                            },
                            "type": "ApiConnectionWebhook"
                        }
                    }
                },
                "parameters": {
                    "$connections": {
                        "value": {
                            "azuresentinel": {
                                "connectionName": "[[variables('AzureSentinelConnectionName')]",
                                "connectionId": "[[resourceId('Microsoft.Web/connections', variables('AzureSentinelConnectionName'))]",
                                "id": "[[concat('/subscriptions/',subscription().subscriptionId, '/providers/Microsoft.Web/locations/',variables('workspace-location-inline'),'/managedApis/azuresentinel')]"
                            },
                            "ciscoumbrellaenforcement": {
                                "connectionId": "[[resourceId('Microsoft.Web/connections', variables('CiscoUmbrellaEnforcementAPIConnectionName'))]",
                                "connectionName": "[[variables('CiscoUmbrellaEnforcementAPIConnectionName')]",
                                "id": "[[concat('/subscriptions/', subscription().subscriptionId, '/resourceGroups/', resourceGroup().name, '/providers/Microsoft.Web/customApis/', parameters('customApis_ciscoumbrellaenforcement_name'))]"
                            }
                        }
                    }
                }
            },
            "tags": {
                "hidden-SentinelWorkspaceId": "[[variables('workspaceResourceId')]"
            }
        },
        {
            "type": "Microsoft.OperationalInsights/workspaces/providers/metadata",
            "apiVersion": "2022-01-01-preview",
            "name": "[concat(parameters('workspace'),'/Microsoft.SecurityInsights/',concat('Playbook-', last(split(variables('playbookId7'),'/'))))]",
            "properties": {
                "parentId": "[variables('playbookId7')]",
                "contentId": "[variables('_playbookContentId7')]",
                "kind": "Playbook",
                "version": "[variables('playbookVersion7')]",
                "source": {
                    "kind": "Community"
                },
                "author": {
                    "name": "Microsoft",
                    "email": "[variables('_email')]"
                },
                "support": {
                    "tier": "Microsoft",
                    "name": "Microsoft Corporation",
                    "email": "support@microsoft.com",
                    "link": "https://support.microsoft.com/"
                },
                "dependencies": {
                    "criteria": [
                        {
                            "kind": "LogicAppsCustomConnector",
                            "contentId": "[variables('_CiscoUmbrellaEnforcementAPIConnector')]",
                            "version": "[variables('playbookVersion1')]"
                        }
                    ]
                }
            }
        }
    ],
    "metadata": {
        "title": "CiscoUmbrella-BlockDomain",
        "description": "This playbook showcases an example of triggering an incident within a targeted Teams channel and opening up a ticket within Service Now. Additionally The playbook will also list playbooks that can be initiated from teams using an adaptive card and callbacks that will take action upon certain entities identified in the incident.",
        "prerequisites": [
            "1. ServiceNow Instance URL, Username, and password.",
            "2. Access and authorization to enable API connectors",
            "3. Teams Group ID and Alert Channel ID where the messages are to be posted in."
        ],
        "lastUpdateTime": "2021-06-29T10:00:00Z",
        "entities": [
            "Account",
            "Url",
            "Host"
        ],
        "tags": [
            "Sync",
            "Notification",
            "Teams Response"
        ],
        "releaseNotes": {
            "version": "1.0",
            "title": "[variables('blanks')]",
            "notes": [
                "Initial version"
            ]
        }
    }
}