{
    "$schema": "https://schema.management.azure.com/schemas/2019-04-01/deploymentTemplate.json#",
    "contentVersion": "[variables('huntingQueryVersion1')]",
    "parameters": {
        "workspace": {
            "defaultValue": "",
            "type": "string",
            "metadata": {
                "description": "Workspace name for Log Analytics where Microsoft Sentinel is setup"
            }
        },
        "location": {
            "type": "string",
            "minLength": 1,
            "defaultValue": "[resourceGroup().location]",
            "metadata": {
                "description": "Not used, but needed to pass arm-ttk test `Location-Should-Not-Be-Hardcoded`.  We instead use the `workspace-location` which is derived from the LA workspace"
            }
        },
        "workspace-location": {
            "type": "string",
            "defaultValue": "",
            "metadata": {
                "description": "[concat('Region to deploy solution resources -- separate from location selection',parameters('location'))]"
            }
        }
    },
    "variables": {
        "huntingQueryVersion1": "2.0.0",
        "huntingQuerycontentId1": "c92741e6-8454-40bb-8830-069cb86946c6",
        "_huntingQuerycontentId1": "[variables('huntingQuerycontentId1')]",
        "huntingQueryId1": "[resourceId('Microsoft.OperationalInsights/savedSearches', variables('_huntingQuerycontentId1'))]",
        "email": "support@microsoft.com",
        "_email": "[variables('email')]"
    },
    "resources": [
        {
            "type": "Microsoft.OperationalInsights/savedSearches",
            "apiVersion": "2020-08-01",
            "name": "CiscoUmbrella_Hunting_Query_1",
            "location": "[parameters('workspace-location')]",
            "properties": {
                "eTag": "*",
                "displayName": "Cisco Umbrella - Anomalous FQDNs for domain",
                "category": "Hunting Queries",
                "query": "Cisco_Umbrella\n| where TimeGenerated > ago(24h)\n| where EventType == 'dnslogs'\n| extend replaced = replace(@'\\.$', @'', DnsQueryName)\n| extend Domain = extract(@'.*\\.(.*\\.[a-z]+)', 1, replaced)\n| extend fqdn = extract(@'(.*)\\..*\\.[a-z]+', 1, replaced)\n| summarize FQDNs = dcount(fqdn) by Domain\n| sort by FQDNs\n",
                "version": 2,
                "tags": [
                    {
                        "name": "description",
                        "value": "Large number of FQDNs for domain may be indicator of suspicious domain."
                    },
                    {
                        "name": "tactics",
                        "value": "CommandAndControl"
                    },
                    {
                        "name": "techniques",
                        "value": "T1071"
                    }
                ]
            }
        },
        {
            "type": "Microsoft.OperationalInsights/workspaces/providers/metadata",
            "apiVersion": "2022-01-01-preview",
            "name": "[concat(parameters('workspace'),'/Microsoft.SecurityInsights/',concat('HuntingQuery-', last(split(variables('huntingQueryId1'),'/'))))]",
            "properties": {
                "description": "CiscoUmbrella Hunting Query 1",
                "parentId": "[variables('huntingQueryId1')]",
                "contentId": "[variables('_huntingQuerycontentId1')]",
                "kind": "HuntingQuery",
                "version": "[variables('huntingQueryVersion1')]",
                "source": {
                    "kind": "Community"
                },
                "author": {
                    "name": "Microsoft",
                    "email": "[variables('_email')]"
                },
                "support": {
                    "tier": "Microsoft",
                    "name": "Microsoft Corporation",
                    "email": "support@microsoft.com",
                    "link": "https://support.microsoft.com/"
                }
            }
        }
    ]
}