{
  "$schema": "https://schema.management.azure.com/schemas/2019-08-01/deploymentTemplate.json#",
  "contentVersion": "1.0.0.0",
  "parameters": {
    "workspace": {
      "type": "string"
    }
  },
  "resources": [
    {
      "type": "Microsoft.OperationalInsights/workspaces/savedSearches",
      "apiVersion": "2020-08-01",
      "name": "[concat(parameters('workspace'), '/imNetworkSession')]",
      "location": "[resourceGroup().location]",
      "properties": {
        "etag": "*",
        "displayName": "Generic NetworkSession",
        "category": "Security",
        "FunctionAlias": "imNetworkSession",
        "query": "union isfuzzy=true\n  NetworkSessions\n  , vimNetworkSessionCheckPoint\n  , vimNetworkSessionCiscoASA\n  , vimNetworkSessionMicrosoft365Defender\n  , vimNetworkSessionMicrosoftWindowsFirewall\n  , vimNetworkSessionMicrosoftWireData\n  , vimNetworkSessionPaloAltoPanOS\n  , vimNetworkSessionZScalerZIA\n",
        "version": 1
      }
    }
  ]
}
