{
  "$schema": "https://schema.management.azure.com/schemas/2019-04-01/deploymentTemplate.json#",
  "contentVersion": "[variables('dataConnectorVersion1')]",
  "parameters": {
    "workspace": {
      "defaultValue": "",
      "type": "string",
      "metadata": {
        "description": "Workspace name for Log Analytics where Microsoft Sentinel is setup"
      }
    },
    "location": {
      "type": "string",
      "minLength": 1,
      "defaultValue": "[resourceGroup().location]",
      "metadata": {
        "description": "Not used, but needed to pass arm-ttk test `Location-Should-Not-Be-Hardcoded`.  We instead use the `workspace-location` which is derived from the LA workspace"
      }
    },
    "workspace-location": {
      "type": "string",
      "defaultValue": "",
      "metadata": {
        "description": "[concat('Region to deploy solution resources -- separate from location selection',parameters('location'))]"
      }
    }
  },
  "variables": {
    "uiConfigId1": "CiscoUmbrellaDataConnector",
    "_uiConfigId1": "[variables('uiConfigId1')]",
    "dataConnectorContentId1": "CiscoUmbrellaDataConnector",
    "_dataConnectorContentId1": "[variables('dataConnectorContentId1')]",
    "dataConnectorId1": "[extensionResourceId(resourceId('Microsoft.OperationalInsights/workspaces', parameters('workspace')), 'Microsoft.SecurityInsights/dataConnectors', variables('_dataConnectorContentId1'))]",
    "_dataConnectorId1": "[variables('dataConnectorId1')]",
    "dataConnectorVersion1": "2.0.0",
    "email": "support@microsoft.com",
    "_email": "[variables('email')]"
  },
  "resources": [
    {
      "name": "[concat(parameters('workspace'),'/Microsoft.SecurityInsights/',variables('_dataConnectorContentId1'))]",
      "apiVersion": "2021-03-01-preview",
      "type": "Microsoft.OperationalInsights/workspaces/providers/dataConnectors",
      "location": "[parameters('workspace-location')]",
      "kind": "GenericUI",
      "properties": {
        "connectorUiConfig": {
          "id": "[variables('_uiConfigId1')]",
          "title": "Cisco Umbrella (using Azure Function)",
          "publisher": "Cisco",
          "descriptionMarkdown": "The Cisco Umbrella data connector provides the capability to ingest [Cisco Umbrella](https://docs.umbrella.com/) events stored in Amazon S3 into Azure Sentinel using the Amazon S3 REST API. Refer to [Cisco Umbrella log management documentation](https://docs.umbrella.com/deployment-umbrella/docs/log-management) for more information.",
          "additionalRequirementBanner": "These queries and workbooks are dependent on a parser based on Kusto to work as expected. Follow the steps to use this Kusto functions alias **Cisco_Umbrella** in queries and workbooks. [Follow steps to get this Kusto functions>](https://aka.ms/sentinel-ciscoumbrella-function) ",
          "graphQueries": [
            {
              "metricName": "Cisco Umbrella DNS Logs",
              "legend": "Cisco_Umbrella_dns_CL",
              "baseQuery": "Cisco_Umbrella_dns_CL"
            },
            {
              "metricName": "Cisco Umbrella Proxy Logs",
              "legend": "Cisco_Umbrella_proxy_CL",
              "baseQuery": "Cisco_Umbrella_proxy_CL"
            },
            {
              "metricName": "Cisco Umbrella IP Logs",
              "legend": "Cisco_Umbrella_ip_CL",
              "baseQuery": "Cisco_Umbrella_ip_CL"
            },
            {
              "metricName": "Cisco Umbrella Cloud Firewall Logs",
              "legend": "Cisco_Umbrella_cloudfirewall_CL",
              "baseQuery": "Cisco_Umbrella_cloudfirewall_CL"
            }
          ],
          "sampleQueries": [
            {
              "description": "All Cisco Umbrella Logs",
              "query": "Cisco_Umbrella\n| sort by TimeGenerated desc"
            },
            {
              "description": "Cisco Umbrella DNS Logs",
              "query": "Cisco_Umbrella\n | where EventType == 'dnslogs'\n| sort by TimeGenerated desc"
            },
            {
              "description": "Cisco Umbrella Proxy Logs",
              "query": "Cisco_Umbrella\n | where EventType == 'proxylogs'\n| sort by TimeGenerated desc"
            },
            {
              "description": "Cisco Umbrella IP Logs",
              "query": "Cisco_Umbrella\n | where EventType == 'iplogs'\n| sort by TimeGenerated desc"
            },
            {
              "description": "Cisco Umbrella Cloud Firewall Logs",
              "query": "Cisco_Umbrella\n | where EventType == 'cloudfirewalllogs'\n| sort by TimeGenerated desc"
            }
          ],
          "dataTypes": [
            {
              "name": "Cisco_Umbrella_dns_CL",
              "lastDataReceivedQuery": "Cisco_Umbrella_dns_CL\n            | summarize Time = max(TimeGenerated)\n            | where isnotempty(Time)"
            },
            {
              "name": "Cisco_Umbrella_proxy_CL",
              "lastDataReceivedQuery": "Cisco_Umbrella_proxy_CL\n            | summarize Time = max(TimeGenerated)\n            | where isnotempty(Time)"
            },
            {
              "name": "Cisco_Umbrella_ip_CL",
              "lastDataReceivedQuery": "Cisco_Umbrella_ip_CL\n            | summarize Time = max(TimeGenerated)\n            | where isnotempty(Time)"
            },
            {
              "name": "Cisco_Umbrella_cloudfirewall_CL",
              "lastDataReceivedQuery": "Cisco_Umbrella_cloudfirewall_CL\n            | summarize Time = max(TimeGenerated)\n            | where isnotempty(Time)"
            }
          ],
          "connectivityCriterias": [
            {
              "type": "IsConnectedQuery",
              "value": [
                "Cisco_Umbrella_dns_CL\n            | summarize LastLogReceived = max(TimeGenerated)\n            | project IsConnected = LastLogReceived > ago(1d)",
                "Cisco_Umbrella_proxy_CL\n            | summarize LastLogReceived = max(TimeGenerated)\n            | project IsConnected = LastLogReceived > ago(1d)",
                "Cisco_Umbrella_ip_CL\n            | summarize LastLogReceived = max(TimeGenerated)\n            | project IsConnected = LastLogReceived > ago(1d)",
                "Cisco_Umbrella_cloudfirewall_CL\n            | summarize LastLogReceived = max(TimeGenerated)\n            | project IsConnected = LastLogReceived > ago(1d)"
              ]
            }
          ],
          "availability": {
            "status": 1,
            "isPreview": false
          },
          "permissions": {
            "resourceProvider": [
              {
                "provider": "Microsoft.OperationalInsights/workspaces",
                "permissionsDisplayText": "read and write permissions on the workspace are required.",
                "providerDisplayName": "Workspace",
                "scope": "Workspace",
                "requiredPermissions": {
                  "write": true,
                  "read": true,
                  "delete": true
                }
              },
              {
                "provider": "Microsoft.OperationalInsights/workspaces/sharedKeys",
                "permissionsDisplayText": "read permissions to shared keys for the workspace are required. [See the documentation to learn more about workspace keys](https://docs.microsoft.com/azure/azure-monitor/platform/agent-windows#obtain-workspace-id-and-key).",
                "providerDisplayName": "Keys",
                "scope": "Workspace",
                "requiredPermissions": {
                  "action": true
                }
              }
            ],
            "customs": [
              {
                "name": "Microsoft.Web/sites permissions",
                "description": "Read and write permissions to Azure Functions to create a Function App is required. [See the documentation to learn more about Azure Functions](https://docs.microsoft.com/azure/azure-functions/)."
              },
              {
                "name": "Amazon S3 REST API Credentials/permissions",
                "description": "**AWS Access Key Id**, **AWS Secret Access Key**, **AWS S3 Bucket Name** are required for Amazon S3 REST API."
              }
            ]
          },
          "instructionSteps": [
            {
              "description": ">**NOTE:** This connector uses Azure Functions to connect to the Amazon S3 REST API to pull logs into Azure Sentinel. This might result in additional data ingestion costs. Check the [Azure Functions pricing page](https://azure.microsoft.com/pricing/details/functions/) for details."
            },
            {
              "description": ">**NOTE:** This connector has been updated to support [cisco umbrella version 5 and version 6.](https://docs.umbrella.com/deployment-umbrella/docs/log-formats-and-versioning)"
            },
            {
              "description": ">**(Optional Step)** Securely store workspace and API authorization key(s) or token(s) in Azure Key Vault. Azure Key Vault provides a secure mechanism to store and retrieve key values. [Follow these instructions](https://docs.microsoft.com/azure/app-service/app-service-key-vault-references) to use Azure Key Vault with an Azure Function App."
            },
            {
              "description": ">**NOTE:** This connector uses a parser based on a Kusto Function to normalize fields. [Follow these steps](https://raw.githubusercontent.com/Azure/Azure-Sentinel/master/Parsers/CiscoUmbrella/Cisco_Umbrella) to create the Kusto function alias **Cisco_Umbrella**."
            },
            {
              "description": "**STEP 1 - Configuration of the Cisco Umbrella logs collection**\n\n[See documentation](https://docs.umbrella.com/deployment-umbrella/docs/log-management#section-logging-to-amazon-s-3) and follow the instructions for set up logging and obtain credentials."
            },
            {
              "description": "**STEP 2 - Choose ONE from the following two deployment options to deploy the connector and the associated Azure Function**\n\n>**IMPORTANT:** Before deploying the Cisco Umbrella data connector, have the Workspace ID and Workspace Primary Key (can be copied from the following), as well as the Amazon S3 REST API Authorization credentials, readily available.",
              "instructions": [
                {
                  "parameters": {
                    "fillWith": [
                      "WorkspaceId"
                    ],
                    "label": "Workspace ID"
                  },
                  "type": "CopyableLabel"
                },
                {
                  "parameters": {
                    "fillWith": [
                      "PrimaryKey"
                    ],
                    "label": "Primary Key"
                  },
                  "type": "CopyableLabel"
                }
              ]
            },
            {
              "description": "Use this method for automated deployment of the Cisco Umbrella data connector using an ARM Tempate.\n\n1. Click the **Deploy to Azure** button below. \n\n\t[![Deploy To Azure](https://aka.ms/deploytoazurebutton)](https://aka.ms/sentinelciscoumbrellaazuredeploy)\n2. Select the preferred **Subscription**, **Resource Group** and **Location**. \n3. Enter the **Workspace ID**, **Workspace Key**, **S3Bucket**, **AWSAccessKeyId**, **AWSSecretAccessKey**\n4. Mark the checkbox labeled **I agree to the terms and conditions stated above**.\n5. Click **Purchase** to deploy.",
              "title": "Option 1 - Azure Resource Manager (ARM) Template"
            },
            {
              "description": "Use the following step-by-step instructions to deploy the Cisco Umbrella data connector manually with Azure Functions (Deployment via Visual Studio Code).",
              "title": "Option 2 - Manual Deployment of Azure Functions"
            },
            {
              "description": "**1. Deploy a Function App**\n\n> **NOTE:** You will need to [prepare VS code](https://docs.microsoft.com/azure/azure-functions/create-first-function-vs-code-python) for Azure function development.\n\n1. Download the [Azure Function App](https://aka.ms/sentinel-CiscoUmbrellaConn-functionapp) file. Extract archive to your local development computer.\n2. Start VS Code. Choose File in the main menu and select Open Folder.\n3. Select the top level folder from extracted files.\n4. Choose the Azure icon in the Activity bar, then in the **Azure: Functions** area, choose the **Deploy to function app** button.\nIf you aren't already signed in, choose the Azure icon in the Activity bar, then in the **Azure: Functions** area, choose **Sign in to Azure**\nIf you're already signed in, go to the next step.\n5. Provide the following information at the prompts:\n\n\ta. **Select folder:** Choose a folder from your workspace or browse to one that contains your function app.\n\n\tb. **Select Subscription:** Choose the subscription to use.\n\n\tc. Select **Create new Function App in Azure** (Don't choose the Advanced option)\n\n\td. **Enter a globally unique name for the function app:** Type a name that is valid in a URL path. The name you type is validated to make sure that it's unique in Azure Functions. (e.g. UmbrellaXYZ).\n\n\te. **Select a runtime:** Choose Python 3.8.\n\n\tf. Select a location for new resources. For better performance and lower costs choose the same [region](https://azure.microsoft.com/regions/) where Azure Sentinel is located.\n\n6. Deployment will begin. A notification is displayed after your function app is created and the deployment package is applied.\n7. Go to Azure Portal for the Function App configuration."
            },
            {
              "description": "**2. Configure the Function App**\n\n1. In the Function App, select the Function App Name and select **Configuration**.\n2. In the **Application settings** tab, select **+ New application setting**.\n3. Add each of the following application settings individually, with their respective string values (case-sensitive): \n\t\tWorkspaceID\n\t\tWorkspaceKey\n\t\tS3Bucket\n\t\tAWSAccessKeyId\n\t\tAWSSecretAccessKey\n\t\tlogAnalyticsUri (optional)\n> - Use logAnalyticsUri to override the log analytics API endpoint for dedicated cloud. For example, for public cloud, leave the value empty; for Azure GovUS cloud environment, specify the value in the following format: `https://<CustomerId>.ods.opinsights.azure.us`.\n3. Once all application settings have been entered, click **Save**."
            }
          ]
        }
      }
    },
    {
      "type": "Microsoft.OperationalInsights/workspaces/providers/metadata",
      "apiVersion": "2022-01-01-preview",
      "name": "[concat(parameters('workspace'),'/Microsoft.SecurityInsights/',concat('DataConnector-', last(split(variables('_dataConnectorId1'),'/'))))]",
      "properties": {
        "parentId": "[extensionResourceId(resourceId('Microsoft.OperationalInsights/workspaces', parameters('workspace')), 'Microsoft.SecurityInsights/dataConnectors', variables('_dataConnectorContentId1'))]",
        "contentId": "[variables('_dataConnectorContentId1')]",
        "kind": "DataConnector",
        "version": "[variables('dataConnectorVersion1')]",
        "source": {
          "kind": "Community"
        },
        "author": {
          "name": "Microsoft",
          "email": "[variables('_email')]"
        },
        "support": {
          "tier": "Microsoft",
          "name": "Microsoft Corporation",
          "email": "support@microsoft.com",
          "link": "https://support.microsoft.com/"
        }
      }
    }
  ]
}